,food_list,source
0,中餐,eHowNet-food
1,午時茶,eHowNet-food
2,外賣,eHowNet-food
3,套餐,eHowNet-food
4,年貨,eHowNet-food
5,廩膳,eHowNet-food
6,殘席,eHowNet-food
7,營養品,eHowNet-food
8,牲品,eHowNet-food
9,白食,eHowNet-food
10,耶誕餐,eHowNet-food
11,葡萄糖,eHowNet-food
12,藥膳,eHowNet-food
13,蜂皇漿,eHowNet-food
14,蜂膠,eHowNet-food
15,血糖,eHowNet-food
16,補品,eHowNet-food
17,西餐,eHowNet-food
18,豬血,eHowNet-food
19,醍醐,eHowNet-food
20,食材,eHowNet-food
21,伙食,eHowNet-food
22,吃食,eHowNet-food
23,客飯,eHowNet-food
24,料理,eHowNet-food
25,水米,eHowNet-food
26,燕食,eHowNet-food
27,盤中飧,eHowNet-food
28,簞食壺漿,eHowNet-food
29,糧食,eHowNet-food
30,肴饌,eHowNet-food
31,膳羞,eHowNet-food
32,膳食,eHowNet-food
33,茶食,eHowNet-food
34,茶飯,eHowNet-food
35,酒食,eHowNet-food
36,酒飯,eHowNet-food
37,食,eHowNet-food
38,食物,eHowNet-food
39,飯菜,eHowNet-food
40,飲食,eHowNet-food
41,餐食,eHowNet-food
42,餐點,eHowNet-food
43,饌,eHowNet-food
44,冷飲,eHowNet-food
45,氣泡水,eHowNet-food
46,熱飲,eHowNet-food
47,礦泉水,eHowNet-food
48,米漿,eHowNet-food
49,養樂多,eHowNet-food
50,汁,eHowNet-food
51,茶酒,eHowNet-food
52,飲品,eHowNet-food
53,飲料,eHowNet-food
54,飲料水,eHowNet-food
55,乳製品,eHowNet-food
56,便當,eHowNet-food
57,南北貨,eHowNet-food
58,嗟來食,eHowNet-food
59,囤糧,eHowNet-food
60,炮食,eHowNet-food
61,熟食,eHowNet-food
62,熱食,eHowNet-food
63,眷糧,eHowNet-food
64,積糧,eHowNet-food
65,納豆,eHowNet-food
66,給糧,eHowNet-food
67,罐頭,eHowNet-food
68,罐頭食品,eHowNet-food
69,脯醢,eHowNet-food
70,蒸食,eHowNet-food
71,蛋品,eHowNet-food
72,賑糧,eHowNet-food
73,鄉味,eHowNet-food
74,釀造品,eHowNet-food
75,野食,eHowNet-food
76,雜糧,eHowNet-food
77,食塊,eHowNet-food
78,餘糧,eHowNet-food
79,餱,eHowNet-food
80,鮓,eHowNet-food
81,鮮貨,eHowNet-food
82,田糧,eHowNet-food
83,糧,eHowNet-food
84,膳,eHowNet-food
85,食品,eHowNet-food
86,食糧,eHowNet-food
87,饔,eHowNet-food
88,供品,eHowNet-food
89,齋供,eHowNet-food
90,宵夜,eHowNet-food
91,消夜,eHowNet-food
92,惡食,eHowNet-food
93,淡飯,eHowNet-food
94,粗糧,eHowNet-food
95,粗茶淡飯,eHowNet-food
96,草具,eHowNet-food
97,薄具,eHowNet-food
98,三餐,eHowNet-food
99,正餐,eHowNet-food
100,礦物質,eHowNet-food
101,鐵質,eHowNet-food
102,營養,eHowNet-food
103,營養素,eHowNet-food
104,養分,eHowNet-food
105,養料,eHowNet-food
106,便飯,eHowNet-food
107,便餐,eHowNet-food
108,家常便飯,eHowNet-food
109,簡餐,eHowNet-food
110,三鮮,eHowNet-food
111,佳餚美酒,eHowNet-food
112,八珍,eHowNet-food
113,好料,eHowNet-food
114,山珍,eHowNet-food
115,山珍海味,eHowNet-food
116,旨酒佳肴,eHowNet-food
117,海味山珍,eHowNet-food
118,炊金饌玉,eHowNet-food
119,玉食,eHowNet-food
120,珍味,eHowNet-food
121,珍饈,eHowNet-food
122,甘旨,eHowNet-food
123,粱肉,eHowNet-food
124,美味,eHowNet-food
125,美食,eHowNet-food
126,肥甘,eHowNet-food
127,自助餐,eHowNet-food
128,糧秣,eHowNet-food
129,糧草,eHowNet-food
130,糧餉,eHowNet-food
131,軍糧,eHowNet-food
132,快餐,eHowNet-food
133,方便麵,eHowNet-food
134,泡麵,eHowNet-food
135,生力麵,eHowNet-food
136,速食,eHowNet-food
137,速食麵,eHowNet-food
138,狗食,eHowNet-food
139,白魚粉,eHowNet-food
140,飼料,eHowNet-food
141,煉乳,eHowNet-food
142,酪漿,eHowNet-food
143,乳品,eHowNet-food
144,乳類,eHowNet-food
145,奶品,eHowNet-food
146,奶昔,eHowNet-food
147,牛乳,eHowNet-food
148,牛奶,eHowNet-food
149,鮮乳,eHowNet-food
150,鮮奶,eHowNet-food
151,可可,eHowNet-food
152,咖啡,eHowNet-food
153,原汁,eHowNet-food
154,橘子汁,eHowNet-food
155,橙汁,eHowNet-food
156,烏梅汁,eHowNet-food
157,籚筍汁,eHowNet-food
158,葡萄汁,eHowNet-food
159,蔗漿,eHowNet-food
160,蘆薈露,eHowNet-food
161,蘋果汁,eHowNet-food
162,果子露,eHowNet-food
163,果汁,eHowNet-food
164,水果汁,eHowNet-food
165,可口可樂,eHowNet-food
166,百事可樂,eHowNet-food
167,可樂,eHowNet-food
168,汽水,eHowNet-food
169,沙士,eHowNet-food
170,蘇打,eHowNet-food
171,西打,eHowNet-food
172,佳茗,eHowNet-food
173,奶茶,eHowNet-food
174,廣東茶,eHowNet-food
175,拉茶,eHowNet-food
176,春茶,eHowNet-food
177,杏仁茶,eHowNet-food
178,武夷茶,eHowNet-food
179,泡沫紅茶,eHowNet-food
180,涼茶,eHowNet-food
181,滇茶,eHowNet-food
182,濃茶,eHowNet-food
183,玉露,eHowNet-food
184,神麴茶,eHowNet-food
185,紅茶,eHowNet-food
186,藥茶,eHowNet-food
187,青草茶,eHowNet-food
188,香片,eHowNet-food
189,凍頂烏龍茶,eHowNet-food
190,包種茶,eHowNet-food
191,普洱茶,eHowNet-food
192,烏龍茶,eHowNet-food
193,煎茶,eHowNet-food
194,白茶,eHowNet-food
195,花茶,eHowNet-food
196,苦茶,eHowNet-food
197,茗,eHowNet-food
198,茗茶,eHowNet-food
199,茶,eHowNet-food
200,茶水,eHowNet-food
201,茶湯,eHowNet-food
202,鐵觀音,eHowNet-food
203,香茶,eHowNet-food
204,龍鬚茶,eHowNet-food
205,豆乳,eHowNet-food
206,豆奶,eHowNet-food
207,豆漿,eHowNet-food
208,乳酒,eHowNet-food
209,交杯酒,eHowNet-food
210,劣酒,eHowNet-food
211,名酒,eHowNet-food
212,悶酒,eHowNet-food
213,料理酒,eHowNet-food
214,果酒,eHowNet-food
215,櫻桃酒,eHowNet-food
216,洋酒,eHowNet-food
217,淡酒,eHowNet-food
218,濁酒,eHowNet-food
219,私酒,eHowNet-food
220,紅酒,eHowNet-food
221,紅露酒,eHowNet-food
222,紹興酒,eHowNet-food
223,花酒,eHowNet-food
224,蒸餾酒,eHowNet-food
225,蘋果酒,eHowNet-food
226,虎骨酒,eHowNet-food
227,蛋酒,eHowNet-food
228,酒類,eHowNet-food
229,酤,eHowNet-food
230,醅,eHowNet-food
231,雄黃酒,eHowNet-food
232,雞尾酒,eHowNet-food
233,香酒,eHowNet-food
234,鬯,eHowNet-food
235,麥酒,eHowNet-food
236,壺中物,eHowNet-food
237,女兒紅,eHowNet-food
238,搾渣,eHowNet-food
239,杜康,eHowNet-food
240,杜松子酒,eHowNet-food
241,杯中物,eHowNet-food
242,梨酒,eHowNet-food
243,水酒,eHowNet-food
244,琴酒,eHowNet-food
245,白蘭地,eHowNet-food
246,福壽酒,eHowNet-food
247,竹葉青,eHowNet-food
248,酒,eHowNet-food
249,醇醨,eHowNet-food
250,醞,eHowNet-food
251,釀,eHowNet-food
252,雪利酒,eHowNet-food
253,黃湯,eHowNet-food
254,黃酒,eHowNet-food
255,副食,eHowNet-food
256,副食品,eHowNet-food
257,囚糧,eHowNet-food
258,牢飯,eHowNet-food
259,北貨,eHowNet-food
260,山貨,eHowNet-food
261,時羞,eHowNet-food
262,時鮮,eHowNet-food
263,鮮味,eHowNet-food
264,鮮食,eHowNet-food
265,主食,eHowNet-food
266,孟婆湯,eHowNet-food
267,杯湯,eHowNet-food
268,汆湯,eHowNet-food
269,清湯,eHowNet-food
270,濃湯,eHowNet-food
271,熱湯,eHowNet-food
272,牛肉湯,eHowNet-food
273,米湯,eHowNet-food
274,羹,eHowNet-food
275,薑湯,eHowNet-food
276,酒湯,eHowNet-food
277,酸辣湯,eHowNet-food
278,雞湯,eHowNet-food
279,湯,eHowNet-food
280,湯水,eHowNet-food
281,羅宋湯,eHowNet-food
282,羹湯,eHowNet-food
283,乾肉片,eHowNet-food
284,涮羊肉,eHowNet-food
285,熟肉,eHowNet-food
286,燻肉,eHowNet-food
287,生肉,eHowNet-food
288,瘦肉,eHowNet-food
289,白肉,eHowNet-food
290,禽肉,eHowNet-food
291,羊肉,eHowNet-food
292,肉丁,eHowNet-food
293,肉末,eHowNet-food
294,肉片,eHowNet-food
295,肉絲,eHowNet-food
296,臠,eHowNet-food
297,蝦仁,eHowNet-food
298,蟹肉,eHowNet-food
299,蠣黃,eHowNet-food
300,鮮肉,eHowNet-food
301,鹹肉,eHowNet-food
302,鹿肉,eHowNet-food
303,鼠肉,eHowNet-food
304,肉品,eHowNet-food
305,肉類,eHowNet-food
306,串燒,eHowNet-food
307,乾絲,eHowNet-food
308,什錦菜,eHowNet-food
309,冷盤,eHowNet-food
310,凍雞,eHowNet-food
311,叉燒,eHowNet-food
312,回鍋肉,eHowNet-food
313,大雜燴,eHowNet-food
314,客家菜,eHowNet-food
315,山產,eHowNet-food
316,川菜,eHowNet-food
317,年菜,eHowNet-food
318,招牌菜,eHowNet-food
319,沙拉,eHowNet-food
320,油豆腐,eHowNet-food
321,法國菜,eHowNet-food
322,湘菜,eHowNet-food
323,滷肉,eHowNet-food
324,滷蛋,eHowNet-food
325,滿漢全席,eHowNet-food
326,炸雞,eHowNet-food
327,烤雞,eHowNet-food
328,煎蛋,eHowNet-food
329,燉肉,eHowNet-food
330,燉雞,eHowNet-food
331,燒酒雞,eHowNet-food
332,燻魚,eHowNet-food
333,獅子頭,eHowNet-food
334,珍肴異饌,eHowNet-food
335,皮蛋,eHowNet-food
336,菜蔬,eHowNet-food
337,葷辛,eHowNet-food
338,醃肉,eHowNet-food
339,野味,eHowNet-food
340,金腿,eHowNet-food
341,鐵板燒,eHowNet-food
342,雜碎,eHowNet-food
343,饈,eHowNet-food
344,魚翅,eHowNet-food
345,魚香茄子,eHowNet-food
346,鴨肫肝,eHowNet-food
347,麻婆豆腐,eHowNet-food
348,滷菜,eHowNet-food
349,盤菜,eHowNet-food
350,砂鍋菜,eHowNet-food
351,肴,eHowNet-food
352,菜,eHowNet-food
353,菜肴,eHowNet-food
354,菜餚,eHowNet-food
355,餚,eHowNet-food
356,中飯,eHowNet-food
357,午飯,eHowNet-food
358,午餐,eHowNet-food
359,早茶,eHowNet-food
360,早飯,eHowNet-food
361,早餐,eHowNet-food
362,早點,eHowNet-food
364,夜飯,eHowNet-food
365,晚飯,eHowNet-food
366,晚餐,eHowNet-food
367,纖維蛋白,eHowNet-food
368,肌蛋白,eHowNet-food
369,膠原,eHowNet-food
370,膠原蛋白,eHowNet-food
371,蛋白原,eHowNet-food
372,蛋白質,eHowNet-food
373,血紅蛋白,eHowNet-food
374,燙麵,eHowNet-food
375,麵團,eHowNet-food
376,麵糰,eHowNet-food
377,味噌,eHowNet-food
378,味霖,eHowNet-food
379,太白粉,eHowNet-food
380,肉燥,eHowNet-food
381,肉醬,eHowNet-food
382,蓮蓉,eHowNet-food
383,豆瓣,eHowNet-food
384,豆豉,eHowNet-food
385,醢,eHowNet-food
386,鹹鹵,eHowNet-food
387,佐料,eHowNet-food
388,作料,eHowNet-food
389,調味品,eHowNet-food
390,調味料,eHowNet-food
391,配料,eHowNet-food
392,乾草,eHowNet-food
393,乾草堆,eHowNet-food
394,牧草,eHowNet-food
395,秣,eHowNet-food
396,芻秣,eHowNet-food
397,芻糧,eHowNet-food
398,苜蓿,eHowNet-food
399,草料,eHowNet-food
400,優酪乳,eHowNet-food
401,發酵乳,eHowNet-food
402,酸奶,eHowNet-food
403,酸酪,eHowNet-food
404,克寧,eHowNet-food
405,脫脂奶粉,eHowNet-food
406,奶粉,eHowNet-food
407,椰乳,eHowNet-food
408,椰子汁,eHowNet-food
409,碳酸水,eHowNet-food
410,蘇打水,eHowNet-food
411,清茶,eHowNet-food
412,綠茶,eHowNet-food
413,龍井,eHowNet-food
414,龍井茶,eHowNet-food
415,佳釀,eHowNet-food
416,嘉釀,eHowNet-food
417,醁,eHowNet-food
418,啤,eHowNet-food
419,啤酒,eHowNet-food
420,生啤酒,eHowNet-food
421,杆子,eHowNet-food
422,玉液瓊漿,eHowNet-food
423,玉漿,eHowNet-food
424,瓊漿玉液,eHowNet-food
425,美酒,eHowNet-food
426,毒酒,eHowNet-food
427,鴆,eHowNet-food
428,鴆酒,eHowNet-food
429,伏特加,eHowNet-food
430,威士忌,eHowNet-food
431,威士忌酒,eHowNet-food
432,濃酒,eHowNet-food
433,烈酒,eHowNet-food
434,猛酒,eHowNet-food
435,高粱酒,eHowNet-food
436,狀元紅,eHowNet-food
437,陳紹,eHowNet-food
438,瓊漿,eHowNet-food
439,花彫,eHowNet-food
440,花彫酒,eHowNet-food
441,花雕,eHowNet-food
442,茅臺酒,eHowNet-food
443,利口酒,eHowNet-food
444,甜酒,eHowNet-food
445,醴,eHowNet-food
446,燒酒,eHowNet-food
447,白乾,eHowNet-food
448,白干兒,eHowNet-food
449,白酒,eHowNet-food
450,米酒,eHowNet-food
451,米酒頭,eHowNet-food
452,老酒,eHowNet-food
453,陳酒,eHowNet-food
454,陳高,eHowNet-food
455,艾酒,eHowNet-food
456,苦酒,eHowNet-food
457,薄酒,eHowNet-food
458,醨,eHowNet-food
459,五加皮,eHowNet-food
460,藥酒,eHowNet-food
461,清酒,eHowNet-food
462,醇酒,eHowNet-food
463,醇醪,eHowNet-food
464,醇釀,eHowNet-food
465,醪,eHowNet-food
466,葡萄酒,eHowNet-food
467,香檳,eHowNet-food
468,香檳酒,eHowNet-food
469,粑,eHowNet-food
470,糌粑,eHowNet-food
471,剩飯,eHowNet-food
472,咖哩飯,eHowNet-food
473,大鍋飯,eHowNet-food
474,油飯,eHowNet-food
475,湯飯,eHowNet-food
476,焦飯,eHowNet-food
477,米粉肉,eHowNet-food
478,鍋巴,eHowNet-food
479,飯糰,eHowNet-food
480,乾飯,eHowNet-food
481,八寶飯,eHowNet-food
482,熟飯,eHowNet-food
483,米食,eHowNet-food
484,米飯,eHowNet-food
485,粥飯,eHowNet-food
486,飯,eHowNet-food
487,飯食,eHowNet-food
488,鍋貼,eHowNet-food
489,鍋貼兒,eHowNet-food
490,扁食,eHowNet-food
491,抄手,eHowNet-food
492,水餃,eHowNet-food
493,湯餃,eHowNet-food
494,燒賣,eHowNet-food
495,蒸餃,eHowNet-food
496,餃,eHowNet-food
497,餃子,eHowNet-food
498,餑餑,eHowNet-food
499,餛飩,eHowNet-food
500,麵餃,eHowNet-food
501,乾粉,eHowNet-food
502,壽麵,eHowNet-food
503,炒麵,eHowNet-food
504,烏龍麵,eHowNet-food
505,牛肉麵,eHowNet-food
506,白麵,eHowNet-food
507,米粉,eHowNet-food
508,素麵,eHowNet-food
509,蚵仔麵線,eHowNet-food
510,豬腳麵線,eHowNet-food
511,切麵,eHowNet-food
512,拉麵,eHowNet-food
513,掛麵,eHowNet-food
514,擔仔麵,eHowNet-food
515,擔擔麵,eHowNet-food
516,油麵,eHowNet-food
517,涼麵,eHowNet-food
518,湯麵,eHowNet-food
519,炸醬麵,eHowNet-food
520,粉條,eHowNet-food
521,陽春麵,eHowNet-food
522,餑,eHowNet-food
523,餛飩麵,eHowNet-food
524,麵,eHowNet-food
525,麵條,eHowNet-food
526,麵糊,eHowNet-food
527,麵食,eHowNet-food
528,羹食,eHowNet-food
529,肉湯,eHowNet-food
530,肉羹,eHowNet-food
531,雞汁,eHowNet-food
532,雞精,eHowNet-food
533,湯頭,eHowNet-food
534,高湯,eHowNet-food
535,狗肉,eHowNet-food
536,香肉,eHowNet-food
537,肉乾,eHowNet-food
538,肉脯,eHowNet-food
539,碎肉,eHowNet-food
540,肉蓉,eHowNet-food
541,膾,eHowNet-food
542,五花肉,eHowNet-food
543,肥肉,eHowNet-food
544,臕,eHowNet-food
545,丸子,eHowNet-food
546,肉丸子,eHowNet-food
547,貢丸,eHowNet-food
548,牛柳,eHowNet-food
549,牛筋,eHowNet-food
550,牛腱,eHowNet-food
551,牛肉,eHowNet-food
552,牛腩,eHowNet-food
553,培根,eHowNet-food
554,排骨,eHowNet-food
555,豬排,eHowNet-food
556,豬肉,eHowNet-food
557,鹹豬肉,eHowNet-food
558,雞丁,eHowNet-food
559,雞塊,eHowNet-food
560,雞排,eHowNet-food
561,雞絲,eHowNet-food
562,雞肉,eHowNet-food
563,鹽酥雞,eHowNet-food
564,三杯雞,eHowNet-food
565,土窯雞,eHowNet-food
566,中國菜,eHowNet-food
567,中國飯,eHowNet-food
568,主菜,eHowNet-food
569,大菜,eHowNet-food
570,佳肴,eHowNet-food
571,佳餚,eHowNet-food
572,珍羞,eHowNet-food
573,珍膳,eHowNet-food
574,剩菜,eHowNet-food
575,殘羹,eHowNet-food
576,殘肴,eHowNet-food
577,餿水,eHowNet-food
578,大魚大肉,eHowNet-food
579,雞鴨魚肉,eHowNet-food
580,鳳髓龍肝,eHowNet-food
581,龍肝鳳髓,eHowNet-food
582,便菜,eHowNet-food
583,家常菜,eHowNet-food
584,小菜,eHowNet-food
585,涼拌菜,eHowNet-food
586,涼菜,eHowNet-food
587,嘉香肉,eHowNet-food
588,家鄉肉,eHowNet-food
589,火腿,eHowNet-food
590,木樨,eHowNet-food
591,木犀,eHowNet-food
592,松花,eHowNet-food
593,炒蛋,eHowNet-food
594,燒臘,eHowNet-food
595,臘味,eHowNet-food
596,臘肉,eHowNet-food
597,廣東菜,eHowNet-food
598,粵菜,eHowNet-food
599,肉鬆,eHowNet-food
600,胃脯,eHowNet-food
601,脯,eHowNet-food
602,腊,eHowNet-food
603,膾脯,eHowNet-food
604,葷腥,eHowNet-food
605,葷菜,eHowNet-food
606,葷食,eHowNet-food
607,豆乾,eHowNet-food
608,豆腐乾,eHowNet-food
609,豆腐干,eHowNet-food
610,下酒菜,eHowNet-food
611,酒菜,eHowNet-food
612,酒餚,eHowNet-food
613,前菜,eHowNet-food
614,開胃菜,eHowNet-food
615,雜拌,eHowNet-food
616,雜拌兒,eHowNet-food
617,雜燴,eHowNet-food
618,雜膾,eHowNet-food
619,左宗棠雞,eHowNet-food
620,麻油雞,eHowNet-food
621,壽司,eHowNet-food
622,手卷,eHowNet-food
623,乾貝,eHowNet-food
624,干貝,eHowNet-food
625,海味,eHowNet-food
626,海鮮,eHowNet-food
627,魚鮮,eHowNet-food
628,一品鍋,eHowNet-food
629,涮涮鍋,eHowNet-food
630,火鍋,eHowNet-food
631,石頭火鍋,eHowNet-food
632,素雞,eHowNet-food
633,素,eHowNet-food
634,素菜,eHowNet-food
635,素食,eHowNet-food
636,素餐,eHowNet-food
637,蔬食,eHowNet-food
638,老豆腐,eHowNet-food
639,臭豆腐,eHowNet-food
640,百頁,eHowNet-food
641,豆腐,eHowNet-food
642,豆腐腦兒,eHowNet-food
643,韓國泡菜,eHowNet-food
644,泡菜,eHowNet-food
645,蔭瓜,eHowNet-food
646,酸菜,eHowNet-food
647,醃漬物,eHowNet-food
648,醬瓜,eHowNet-food
649,醬菜,eHowNet-food
650,麵筋,eHowNet-food
651,味精,eHowNet-food
652,味素,eHowNet-food
653,沙爹,eHowNet-food
654,沙茶,eHowNet-food
655,蒜汁,eHowNet-food
656,薑汁,eHowNet-food
657,甜酒釀,eHowNet-food
658,酒釀,eHowNet-food
659,乳酪,eHowNet-food
660,乳餅,eHowNet-food
661,乾酪,eHowNet-food
662,奶酪,eHowNet-food
663,牛酪,eHowNet-food
664,羊乳酪,eHowNet-food
665,起士,eHowNet-food
666,酪,eHowNet-food
667,加哩粉,eHowNet-food
668,加里,eHowNet-food
669,咖哩,eHowNet-food
670,咖喱,eHowNet-food
671,代糖,eHowNet-food
672,山梨醇,eHowNet-food
673,木糖醇,eHowNet-food
674,甘味劑,eHowNet-food
675,甜味劑,eHowNet-food
676,糖精,eHowNet-food
677,焦糖,eHowNet-food
678,特砂,eHowNet-food
679,糖蜜,eHowNet-food
680,紅糖,eHowNet-food
681,黑糖,eHowNet-food
682,冰糖,eHowNet-food
683,單醣,eHowNet-food
684,方糖,eHowNet-food
685,果寡糖,eHowNet-food
686,沙糖,eHowNet-food
687,砂糖,eHowNet-food
688,糖,eHowNet-food
689,糖分,eHowNet-food
690,糖瓜,eHowNet-food
691,糖類,eHowNet-food
692,蔗糖,eHowNet-food
693,醣,eHowNet-food
694,食糖,eHowNet-food
695,花蜜,eHowNet-food
696,蜂蜜,eHowNet-food
697,蜜,eHowNet-food
698,蜜糖,eHowNet-food
699,烏醋,eHowNet-food
700,白醋,eHowNet-food
701,紅醋,eHowNet-food
702,老醋,eHowNet-food
703,醋,eHowNet-food
704,醯,eHowNet-food
705,陳醋,eHowNet-food
706,咖哩汁,eHowNet-food
707,炸醬,eHowNet-food
708,花生醬,eHowNet-food
709,蕃茄醬,eHowNet-food
710,蛋黃醬,eHowNet-food
711,蠔油,eHowNet-food
712,豆瓣醬,eHowNet-food
713,豆醬,eHowNet-food
714,辣醬,eHowNet-food
715,魚子醬,eHowNet-food
716,鹵汁,eHowNet-food
717,麻醬,eHowNet-food
718,漿汁,eHowNet-food
719,醬,eHowNet-food
720,醬料,eHowNet-food
721,棗泥,eHowNet-food
722,綠豆沙,eHowNet-food
723,肉餡,eHowNet-food
724,豆沙,eHowNet-food
725,餡,eHowNet-food
726,餡料,eHowNet-food
727,薄荷,eHowNet-food
728,五香,eHowNet-food
729,八角,eHowNet-food
730,椒料,eHowNet-food
731,胡椒粉,eHowNet-food
732,茴香,eHowNet-food
733,荳蔻,eHowNet-food
734,豆蔻,eHowNet-food
735,香料,eHowNet-food
736,炒飯,eHowNet-food
737,蛋炒飯,eHowNet-food
738,燴飯,eHowNet-food
739,羹飯,eHowNet-food
740,膾飯,eHowNet-food
741,白米飯,eHowNet-food
742,白飯,eHowNet-food
743,竹筒飯,eHowNet-food
744,飯筒,eHowNet-food
745,粗糲,eHowNet-food
746,糲飯,eHowNet-food
747,糝,eHowNet-food
748,飯米粒兒,eHowNet-food
749,飯粒,eHowNet-food
750,乳粥,eHowNet-food
751,早粥,eHowNet-food
752,玉米粥,eHowNet-food
753,粥餳,eHowNet-food
754,麥粥,eHowNet-food
755,佛粥,eHowNet-food
756,八寶粥,eHowNet-food
757,水飯,eHowNet-food
758,泡飯,eHowNet-food
759,稀粥,eHowNet-food
760,稀飯,eHowNet-food
761,米粥,eHowNet-food
762,粥,eHowNet-food
763,糜,eHowNet-food
764,臘八粥,eHowNet-food
765,食糜,eHowNet-food
766,湯糰,eHowNet-food
767,湯糰兒,eHowNet-food
768,杯麵,eHowNet-food
769,碗麵,eHowNet-food
770,義大利麵,eHowNet-food
771,通心粉,eHowNet-food
772,通心麵,eHowNet-food
773,粉絲,eHowNet-food
774,線粉,eHowNet-food
775,麵線,eHowNet-food
776,牛排,eHowNet-food
777,牛肉排,eHowNet-food
778,齋,eHowNet-food
779,齋飯,eHowNet-food
780,豆包,eHowNet-food
781,豆腐皮,eHowNet-food
782,腐乳,eHowNet-food
783,豆腐乳,eHowNet-food
784,白沙糖,eHowNet-food
785,白糖,eHowNet-food
786,糖水,eHowNet-food
787,糖漿,eHowNet-food
788,飴漿,eHowNet-food
789,餳,eHowNet-food
790,果子醬,eHowNet-food
791,果醬,eHowNet-food
792,紅油,eHowNet-food
793,辣椒醬,eHowNet-food
794,胡椒,eHowNet-food
795,芥末,eHowNet-food
796,花椒,eHowNet-food
797,饘,eHowNet-food
798,饘粥,eHowNet-food
799,刈包,eHowNet-food
800,窩窩頭,eHowNet-food
801,麵包屑,eHowNet-food
802,糢,eHowNet-food
803,花捲,eHowNet-food
804,麵包,eHowNet-food
805,黑麵包,eHowNet-food
807,吐司,eHowNet-food
808,土司,eHowNet-food
809,土司麵包,eHowNet-food
810,三明治,eHowNet-food
811,火腿三明治,eHowNet-food
812,小籠包,eHowNet-food
813,湯包,eHowNet-food
814,菜包子,eHowNet-food
816,包子,eHowNet-food
817,銀絲卷,eHowNet-food
818,銀絲捲,eHowNet-food
819,饃,eHowNet-food
820,饅頭,eHowNet-food
821,披薩,eHowNet-food
822,漢堡,eHowNet-food
882,肉包,eHowNet-food
883,肉包子,eHowNet-food
926,四眼魚,eHowNet-food
927,成魚,eHowNet-food
928,沙丁魚,eHowNet-food
929,河魚,eHowNet-food
930,海魚,eHowNet-food
931,溪魚,eHowNet-food
932,無顎魚,eHowNet-food
933,生魚片,eHowNet-food
934,秘雕魚,eHowNet-food
935,醃魚,eHowNet-food
936,醺魚,eHowNet-food
937,釜中魚,eHowNet-food
938,銀魚,eHowNet-food
939,雄魚,eHowNet-food
940,飛魚,eHowNet-food
941,食人魚,eHowNet-food
942,食用魚,eHowNet-food
943,魚介,eHowNet-food
944,魚塊,eHowNet-food
945,魚屍,eHowNet-food
946,魚群,eHowNet-food
947,魚蝦,eHowNet-food
948,鮮魚,eHowNet-food
949,鹹水魚,eHowNet-food
950,鹹魚,eHowNet-food
951,魚,eHowNet-food
952,魚兒,eHowNet-food
953,魚類,eHowNet-food
954,淡水魚,eHowNet-food
955,香魚,eHowNet-food
956,腮,eHowNet-food
957,魚肚,eHowNet-food
958,魚鰓,eHowNet-food
959,魚鰾,eHowNet-food
960,鰓,eHowNet-food
961,鰾,eHowNet-food
962,幼魚,eHowNet-food
963,魚秧,eHowNet-food
964,魚苗,eHowNet-food
965,鯤,eHowNet-food
966,鱄,eHowNet-food
967,黃花魚,eHowNet-food
968,黃魚,eHowNet-food
969,印魚,eHowNet-food
970,斑魚,eHowNet-food
971,河豚,eHowNet-food
972,魨,eHowNet-food
973,海蛆,eHowNet-food
974,海馬,eHowNet-food
975,海龍,eHowNet-food
976,雄海馬,eHowNet-food
977,燈籠魚,eHowNet-food
978,琵琶魚,eHowNet-food
979,秋刀魚,eHowNet-food
980,虱目魚,eHowNet-food
981,孔雀魚,eHowNet-food
982,熱帶魚,eHowNet-food
983,紅龍,eHowNet-food
984,觀賞魚,eHowNet-food
985,金魚,eHowNet-food
986,鬥魚,eHowNet-food
987,魟,eHowNet-food
988,鰩,eHowNet-food
989,鰩魚,eHowNet-food
990,鮪,eHowNet-food
991,鮪魚,eHowNet-food
992,櫻花鉤吻鮭,eHowNet-food
993,河鱒,eHowNet-food
994,鉤吻鮭,eHowNet-food
995,鮭,eHowNet-food
996,鮭魚,eHowNet-food
997,鱒魚,eHowNet-food
998,錦鯉,eHowNet-food
999,松魚,eHowNet-food
1000,草魚,eHowNet-food
1001,鯇,eHowNet-food
1002,鯉,eHowNet-food
1003,鯉魚,eHowNet-food
1004,鰱,eHowNet-food
1005,鰱魚,eHowNet-food
1006,虎鯊,eHowNet-food
1007,豆腐鯊,eHowNet-food
1008,鮫,eHowNet-food
1009,鮫鰈,eHowNet-food
1010,鯊,eHowNet-food
1011,鯊魚,eHowNet-food
1012,烏魚,eHowNet-food
1013,鯔,eHowNet-food
1014,青花魚,eHowNet-food
1015,青魚,eHowNet-food
1016,魠,eHowNet-food
1017,鮐,eHowNet-food
1018,鯖,eHowNet-food
1019,鯖魚,eHowNet-food
1020,黑鯛,eHowNet-food
1021,魴,eHowNet-food
1022,鯛,eHowNet-food
1023,鯛類,eHowNet-food
1024,鯛魚,eHowNet-food
1025,鯧,eHowNet-food
1026,鯧魚,eHowNet-food
1027,土虱,eHowNet-food
1028,垃圾魚,eHowNet-food
1029,鮀,eHowNet-food
1030,鯰,eHowNet-food
1031,鰋,eHowNet-food
1032,黏魚,eHowNet-food
1033,鯷,eHowNet-food
1034,鯷魚,eHowNet-food
1035,鱭,eHowNet-food
1036,扁魚,eHowNet-food
1037,比目魚,eHowNet-food
1038,沙魚,eHowNet-food
1039,鰈,eHowNet-food
1040,鰨,eHowNet-food
1041,泥鰍,eHowNet-food
1042,鰍,eHowNet-food
1043,鰼,eHowNet-food
1044,鰣,eHowNet-food
1045,尾鰭,eHowNet-food
1046,胸鰭,eHowNet-food
1047,臀鰭,eHowNet-food
1048,魚鰭,eHowNet-food
1049,鰭,eHowNet-food
1050,鰳,eHowNet-food
1051,鮂,eHowNet-food
1052,鯪,eHowNet-food
1053,鰷,eHowNet-food
1054,鰷魚,eHowNet-food
1055,柴魚,eHowNet-food
1056,鰹,eHowNet-food
1057,八目鰻,eHowNet-food
1058,歐洲鰻,eHowNet-food
1059,海鰻,eHowNet-food
1060,美洲鰻,eHowNet-food
1061,鰻,eHowNet-food
1062,鰻魚,eHowNet-food
1063,鱔,eHowNet-food
1064,鱔魚,eHowNet-food
1065,鱺,eHowNet-food
1066,鱈,eHowNet-food
1067,鱈魚,eHowNet-food
1068,鱖,eHowNet-food
1069,鱖魚,eHowNet-food
1070,鰉,eHowNet-food
1071,鱘,eHowNet-food
1072,鱘魚,eHowNet-food
1073,鱣,eHowNet-food
1074,鱧,eHowNet-food
1075,鮒,eHowNet-food
1076,鯽,eHowNet-food
1077,鯽魚,eHowNet-food
1078,梭子魚,eHowNet-food
1079,梭魚,eHowNet-food
1080,梭魚類,eHowNet-food
1081,劍魚,eHowNet-food
1082,旗魚,eHowNet-food
1083,帶魚,eHowNet-food
1084,白帶魚,eHowNet-food
1085,紅魚,eHowNet-food
1086,紅鯛,eHowNet-food
1087,冰糖葫蘆,eHowNet-food
1088,小食,eHowNet-food
1089,果食,eHowNet-food
1090,糖葫蘆,eHowNet-food
1091,茶點,eHowNet-food
1092,薩齊瑪,eHowNet-food
1093,零嘴,eHowNet-food
1094,零食,eHowNet-food
1095,點心,eHowNet-food
1096,乾貨,eHowNet-food
1097,八寶,eHowNet-food
1098,慕斯,eHowNet-food
1099,泡芙,eHowNet-food
1100,炸麻花,eHowNet-food
1101,西點,eHowNet-food
1102,豆簽,eHowNet-food
1103,海苔,eHowNet-food
1104,青海苔,eHowNet-food
1105,甜品,eHowNet-food
1106,甜甜圈,eHowNet-food
1107,甜食,eHowNet-food
1108,甜點,eHowNet-food
1109,米果,eHowNet-food
1110,粿,eHowNet-food
1111,油茶,eHowNet-food
1112,麵茶,eHowNet-food
1113,冰品,eHowNet-food
1114,冰棍,eHowNet-food
1115,冰棒,eHowNet-food
1116,冰淇淋,eHowNet-food
1117,冰糕,eHowNet-food
1118,凍糕,eHowNet-food
1119,刨冰,eHowNet-food
1120,枝仔冰,eHowNet-food
1121,甜筒,eHowNet-food
1122,聖代,eHowNet-food
1123,雪糕,eHowNet-food
1124,霜淇淋,eHowNet-food
1125,香蕉冰,eHowNet-food
1126,油條,eHowNet-food
1127,米糕,eHowNet-food
1128,蘿蔔糕,eHowNet-food
1129,蚵仔煎,eHowNet-food
1130,蛋餅,eHowNet-food
1131,鴨賞,eHowNet-food
1132,小吃,eHowNet-food
1133,春捲,eHowNet-food
1134,熱狗,eHowNet-food
1135,甜不辣,eHowNet-food
1136,碗粿,eHowNet-food
1137,米苔目,eHowNet-food
1138,肉圓,eHowNet-food
1139,餡餅,eHowNet-food
1140,魯肉飯,eHowNet-food
1141,黑輪,eHowNet-food
1142,官燕,eHowNet-food
1143,涼粉,eHowNet-food
1144,仙草,eHowNet-food
1145,凍兒,eHowNet-food
1146,布丁,eHowNet-food
1147,愛玉,eHowNet-food
1148,果凍,eHowNet-food
1149,洋菜,eHowNet-food
1150,洋菜膠,eHowNet-food
1151,石花菜,eHowNet-food
1152,爆玉米花,eHowNet-food
1153,爆米花,eHowNet-food
1154,玉米花,eHowNet-food
1155,玉米花兒,eHowNet-food
1156,瓜仁,eHowNet-food
1157,瓜子,eHowNet-food
1158,瓜子仁,eHowNet-food
1159,元宵,eHowNet-food
1160,圓仔湯,eHowNet-food
1161,綠豆湯,eHowNet-food
1162,蓮子湯,eHowNet-food
1163,酸梅湯,eHowNet-food
1164,甜湯,eHowNet-food
1165,豆花,eHowNet-food
1166,圓餅,eHowNet-food
1167,壽糕,eHowNet-food
1168,家常餅,eHowNet-food
1169,柿糕,eHowNet-food
1170,比薩,eHowNet-food
1171,油炸餅,eHowNet-food
1172,油香,eHowNet-food
1173,煎餅,eHowNet-food
1174,燒餅,eHowNet-food
1175,玉米餅,eHowNet-food
1176,甜糕點,eHowNet-food
1177,禮餅,eHowNet-food
1178,綠豆糕,eHowNet-food
1179,肉餅,eHowNet-food
1180,蒸餅,eHowNet-food
1181,薄餅,eHowNet-food
1182,薑餅,eHowNet-food
1183,西餅,eHowNet-food
1184,豬肉餅,eHowNet-food
1185,酪餅,eHowNet-food
1186,鍋盔,eHowNet-food
1187,鬆脆餅,eHowNet-food
1188,鳳梨酥,eHowNet-food
1189,千層糕,eHowNet-food
1190,太陽餅,eHowNet-food
1191,年糕,eHowNet-food
1192,春餅,eHowNet-food
1193,水潤餅,eHowNet-food
1194,油煎餅,eHowNet-food
1195,派,eHowNet-food
1196,涼糕,eHowNet-food
1197,澄沙,eHowNet-food
1198,烙餅,eHowNet-food
1199,牛舌餅,eHowNet-food
1200,狀元餅,eHowNet-food
1201,粄,eHowNet-food
1202,糕,eHowNet-food
1203,糕餅,eHowNet-food
1204,糕餅類,eHowNet-food
1205,糕點,eHowNet-food
1206,糖糕,eHowNet-food
1207,羊羹,eHowNet-food
1208,豆餅,eHowNet-food
1209,酥餅,eHowNet-food
1210,長年糕,eHowNet-food
1211,飥,eHowNet-food
1212,餅,eHowNet-food
1213,香餅,eHowNet-food
1214,鬆餅,eHowNet-food
1215,麵餅,eHowNet-food
1216,薄荷糖,eHowNet-food
1217,薑糖,eHowNet-food
1218,藥糖,eHowNet-food
1219,麥芽糖,eHowNet-food
1220,口香糖,eHowNet-food
1221,拉糖,eHowNet-food
1222,拔絲,eHowNet-food
1223,棉花糖,eHowNet-food
1224,棒棒糖,eHowNet-food
1225,泡泡糖,eHowNet-food
1226,牛皮糖,eHowNet-food
1228,糖果,eHowNet-food
1229,糖食,eHowNet-food
1230,葡萄乾,eHowNet-food
1231,軟糖,eHowNet-food
1232,酥糖,eHowNet-food
1233,飴,eHowNet-food
1234,龍眼乾,eHowNet-food
1235,蜜餞,eHowNet-food
1236,陳皮梅,eHowNet-food
1237,乾糧,eHowNet-food
1238,光餅,eHowNet-food
1239,口糧,eHowNet-food
1240,夾心餅乾,eHowNet-food
1241,脆餅,eHowNet-food
1242,蛋捲,eHowNet-food
1243,餅乾,eHowNet-food
1244,餅干,eHowNet-food
1245,麻花,eHowNet-food
1246,滷味,eHowNet-food
1247,鹵味,eHowNet-food
1248,粽,eHowNet-food
1249,粽子,eHowNet-food
1250,粿粽,eHowNet-food
1251,肉粽,eHowNet-food
1252,角黍,eHowNet-food
1253,鹼粽,eHowNet-food
1254,燕窩,eHowNet-food
1255,燕菜,eHowNet-food
1256,蜂王乳,eHowNet-food
1257,蜂王漿,eHowNet-food
1258,圓子,eHowNet-food
1259,湯圓,eHowNet-food
1260,中秋月餅,eHowNet-food
1261,月餅,eHowNet-food
1262,油餅,eHowNet-food
1263,炸糕,eHowNet-food
1264,蛋糕,eHowNet-food
1265,雞蛋糕,eHowNet-food
1266,巧克力,eHowNet-food
1267,巧克力糖,eHowNet-food
1268,朱古力糖,eHowNet-food
1269,烏梅,eHowNet-food
1270,茶梅,eHowNet-food
1271,話梅,eHowNet-food
1272,酸梅,eHowNet-food
1273,植物油,eHowNet-food
1274,葷油,eHowNet-food
1275,豬油,eHowNet-food
1276,魚油,eHowNet-food
1277,麻油,eHowNet-food
1278,棕櫚油,eHowNet-food
1279,椰子油,eHowNet-food
1280,橄欖油,eHowNet-food
1281,沙拉油,eHowNet-food
1282,油水,eHowNet-food
1283,生油,eHowNet-food
1284,花生油,eHowNet-food
1285,茶油,eHowNet-food
1286,菜油,eHowNet-food
1287,豆油,eHowNet-food
1288,食油,eHowNet-food
1289,食用油,eHowNet-food
1290,香油,eHowNet-food
1291,奶油,eHowNet-food
1292,牛油,eHowNet-food
1293,白脫,eHowNet-food
1294,酥油,eHowNet-food
1295,鮮奶油,eHowNet-food
1296,黃油,eHowNet-food
1413,果,eHowNet-food
1414,果品,eHowNet-food
1415,果子,eHowNet-food
1416,果實,eHowNet-food
1417,梨果,eHowNet-food
1418,水果,eHowNet-food
1419,火龍果,eHowNet-food
1420,瓜果,eHowNet-food
1421,蓏,eHowNet-food
1422,乾果,eHowNet-food
1423,假果,eHowNet-food
1424,果屑,eHowNet-food
1425,果皮,eHowNet-food
1426,果穗,eHowNet-food
1427,果肉,eHowNet-food
1428,橡實,eHowNet-food
1429,瓜瓣,eHowNet-food
1430,百果,eHowNet-food
1431,莢果,eHowNet-food
1432,蒂,eHowNet-food
1433,蔬果,eHowNet-food
1434,鮮果,eHowNet-food
1435,麥穗,eHowNet-food
1436,果菜,eHowNet-food
1437,果菜類,eHowNet-food
1438,果蔬,eHowNet-food
1439,桑椹,eHowNet-food
1440,桑葚,eHowNet-food
1441,松果,eHowNet-food
1442,松毬,eHowNet-food
1443,毬果,eHowNet-food
1444,堅果,eHowNet-food
1445,果仁,eHowNet-food
1446,栗,eHowNet-food
1447,栗子,eHowNet-food
1448,核桃,eHowNet-food
1449,榛子,eHowNet-food
1450,炒栗子,eHowNet-food
1451,胡桃,eHowNet-food
1452,腰果,eHowNet-food
1453,奇異果,eHowNet-food
1454,獼猴桃,eHowNet-food
1455,木瓜,eHowNet-food
1456,萬壽果,eHowNet-food
1457,李,eHowNet-food
1458,李子,eHowNet-food
1459,梅,eHowNet-food
1460,梅子,eHowNet-food
1461,楊梅,eHowNet-food
1462,樹梅,eHowNet-food
1463,青梅,eHowNet-food
1464,黃梅,eHowNet-food
1465,杏,eHowNet-food
1466,杏兒,eHowNet-food
1467,杏子,eHowNet-food
1468,杏脯,eHowNet-food
1469,枇杷,eHowNet-food
1470,杏核,eHowNet-food
1471,果心,eHowNet-food
1472,果核,eHowNet-food
1473,核仁,eHowNet-food
1474,核果,eHowNet-food
1475,文旦,eHowNet-food
1476,柚,eHowNet-food
1477,柚子,eHowNet-food
1478,橙皮,eHowNet-food
1479,甜橙,eHowNet-food
1480,金橘,eHowNet-food
1481,柑橘,eHowNet-food
1482,柳丁,eHowNet-food
1483,柳橙,eHowNet-food
1484,橙,eHowNet-food
1485,橙子,eHowNet-food
1486,柿,eHowNet-food
1487,柿子,eHowNet-food
1488,柿青,eHowNet-food
1489,柿餅,eHowNet-food
1490,紅柿,eHowNet-food
1491,壽桃,eHowNet-food
1492,桃,eHowNet-food
1493,桃兒,eHowNet-food
1494,桃子,eHowNet-food
1495,毛桃,eHowNet-food
1496,水蜜桃,eHowNet-food
1497,世紀梨,eHowNet-food
1498,梨,eHowNet-food
1499,梨子,eHowNet-food
1500,棠,eHowNet-food
1501,水梨,eHowNet-food
1502,鴨梨,eHowNet-food
1503,大棗,eHowNet-food
1504,棗,eHowNet-food
1505,棗子,eHowNet-food
1506,海棗,eHowNet-food
1507,紅棗,eHowNet-food
1508,蜜棗,eHowNet-food
1509,金棗,eHowNet-food
1510,黑棗,eHowNet-food
1511,椰,eHowNet-food
1512,椰子,eHowNet-food
1513,椰子類,eHowNet-food
1514,椰肉,eHowNet-food
1515,楊桃,eHowNet-food
1516,萇,eHowNet-food
1517,榴槤,eHowNet-food
1518,橄欖,eHowNet-food
1519,欖,eHowNet-food
1520,青果,eHowNet-food
1521,檸檬,eHowNet-food
1522,萊姆,eHowNet-food
1523,櫻桃,eHowNet-food
1524,波羅蜜,eHowNet-food
1525,菠蘿蜜,eHowNet-food
1526,無花果,eHowNet-food
1527,瓜皮,eHowNet-food
1528,瓜,eHowNet-food
1529,百香果,eHowNet-food
1530,芒果,eHowNet-food
1531,番石榴,eHowNet-food
1532,芭樂,eHowNet-food
1533,玉荷包,eHowNet-food
1534,荔枝,eHowNet-food
1535,藍莓,eHowNet-food
1536,黑莓,eHowNet-food
1537,洋莓,eHowNet-food
1538,漿果,eHowNet-food
1539,莓,eHowNet-food
1540,覆盆子,eHowNet-food
1541,紫葡萄,eHowNet-food
1542,葡萄,eHowNet-food
1543,酸葡萄,eHowNet-food
1544,野葡萄,eHowNet-food
1545,金鈴,eHowNet-food
1546,金鈴子,eHowNet-food
1547,葡萄柚,eHowNet-food
1548,蓮霧,eHowNet-food
1549,林檎,eHowNet-food
1550,柰,eHowNet-food
1551,沙果,eHowNet-food
1552,蘋果,eHowNet-food
1553,青蘋果,eHowNet-food
1554,釋迦,eHowNet-food
1555,釋迦果,eHowNet-food
1556,芭蕉,eHowNet-food
1557,香蕉,eHowNet-food
1558,香蕉皮,eHowNet-food
1559,波羅,eHowNet-food
1560,菠蘿,eHowNet-food
1561,鳳梨,eHowNet-food
1562,枸橘,eHowNet-food
1563,柑,eHowNet-food
1564,柑桔,eHowNet-food
1565,桔,eHowNet-food
1566,桔子,eHowNet-food
1567,桶柑,eHowNet-food
1568,椪柑,eHowNet-food
1569,橘,eHowNet-food
1570,橘子,eHowNet-food
1571,海梨,eHowNet-food
1572,甜柑,eHowNet-food
1573,蜜柑,eHowNet-food
1574,陳皮,eHowNet-food
1575,仙桃,eHowNet-food
1576,蟠桃,eHowNet-food
1577,瓜瓤,eHowNet-food
1578,瓜肉,eHowNet-food
1579,瓤,eHowNet-food
1580,哈密瓜,eHowNet-food
1581,哈蜜瓜,eHowNet-food
1582,洋香瓜,eHowNet-food
1583,甜瓜,eHowNet-food
1584,香瓜,eHowNet-food
1585,情人果,eHowNet-food
1586,芒果青,eHowNet-food
1587,小紅莓,eHowNet-food
1588,蔓越莓,eHowNet-food
1589,草莓,eHowNet-food
1592,葉菜類,eHowNet-food
1593,蔬,eHowNet-food
1594,蔬菜,eHowNet-food
1595,青菜,eHowNet-food
1596,乾菜,eHowNet-food
1597,佛手瓜,eHowNet-food
1598,山蔬,eHowNet-food
1599,水芹,eHowNet-food
1600,油菜,eHowNet-food
1601,甜椒,eHowNet-food
1602,荼,eHowNet-food
1603,莧菜,eHowNet-food
1604,醃菜,eHowNet-food
1605,野菜,eHowNet-food
1606,鹹菜,eHowNet-food
1607,龍鬚菜,eHowNet-food
1608,北瓜,eHowNet-food
1609,南瓜,eHowNet-food
1610,金瓜,eHowNet-food
1611,山藥,eHowNet-food
1612,山藥蛋,eHowNet-food
1613,洋蔥,eHowNet-food
1614,牛蒡,eHowNet-food
1615,包心白菜,eHowNet-food
1616,包心菜,eHowNet-food
1617,大白菜,eHowNet-food
1618,小白菜,eHowNet-food
1619,捲心菜,eHowNet-food
1620,椰菜,eHowNet-food
1621,甘籃菜,eHowNet-food
1622,甘藍,eHowNet-food
1623,甘藍菜,eHowNet-food
1624,白菜,eHowNet-food
1625,菘,eHowNet-food
1626,高麗菜,eHowNet-food
1627,紅椒,eHowNet-food
1628,青椒,eHowNet-food
1629,甜菜,eHowNet-food
1630,糖蘿蔔,eHowNet-food
1631,空心菜,eHowNet-food
1632,蕹菜,eHowNet-food
1633,絲瓜,eHowNet-food
1634,菜瓜,eHowNet-food
1635,胡瓜,eHowNet-food
1636,花瓜,eHowNet-food
1637,黃瓜,eHowNet-food
1638,榨菜,eHowNet-food
1639,芥,eHowNet-food
1640,芥菜,eHowNet-food
1641,芥藍菜,eHowNet-food
1642,長年菜,eHowNet-food
1643,雪裡紅,eHowNet-food
1644,花椰菜,eHowNet-food
1645,菜花,eHowNet-food
1646,毒芹,eHowNet-food
1647,芹,eHowNet-food
1648,芹菜,eHowNet-food
1649,西芹,eHowNet-food
1650,香芹,eHowNet-food
1651,癩瓜,eHowNet-food
1652,苦瓜,eHowNet-food
1653,茄,eHowNet-food
1654,茄子,eHowNet-food
1655,菠菜,eHowNet-food
1656,大陸妹,eHowNet-food
1657,生菜,eHowNet-food
1658,苣,eHowNet-food
1659,萵苣,eHowNet-food
1660,冬瓜,eHowNet-food
1661,匏,eHowNet-food
1662,扁蒲,eHowNet-food
1663,瓞,eHowNet-food
1664,瓠瓜,eHowNet-food
1665,葫蘆,eHowNet-food
1666,大蒜,eHowNet-food
1667,蒜,eHowNet-food
1668,蒜泥,eHowNet-food
1669,蒜瓣,eHowNet-food
1670,蒜苗,eHowNet-food
1671,蒜茸,eHowNet-food
1672,蒜頭,eHowNet-food
1673,青蒜,eHowNet-food
1674,蔥,eHowNet-food
1675,蔥段,eHowNet-food
1676,蔥白,eHowNet-food
1677,蔥花,eHowNet-food
1678,蔥蒜,eHowNet-food
1679,蔥頭,eHowNet-food
1680,番茄,eHowNet-food
1681,蕃茄,eHowNet-food
1682,蕃茄片,eHowNet-food
1683,大頭菜,eHowNet-food
1684,菜心,eHowNet-food
1685,蕪菁,eHowNet-food
1686,生薑,eHowNet-food
1687,紫薑,eHowNet-food
1688,薑,eHowNet-food
1689,薑末,eHowNet-food
1690,薑片,eHowNet-food
1691,白蘆筍,eHowNet-food
1692,籚筍,eHowNet-food
1693,蘆筍,eHowNet-food
1694,蘺,eHowNet-food
1695,白蘿蔔,eHowNet-food
1696,胡蘿蔔素,eHowNet-food
1697,蘿蔔乾,eHowNet-food
1698,菜頭,eHowNet-food
1699,萊菔,eHowNet-food
1700,蘿菠,eHowNet-food
1701,蘿蔔,eHowNet-food
1702,芽菜,eHowNet-food
1703,豆芽,eHowNet-food
1704,豆芽菜,eHowNet-food
1705,椒,eHowNet-food
1706,番椒,eHowNet-food
1707,辣子,eHowNet-food
1708,辣椒,eHowNet-food
1709,薤,eHowNet-food
1710,韭,eHowNet-food
1711,韭菜,eHowNet-food
1712,韭黃,eHowNet-food
1713,九層塔,eHowNet-food
1714,芫,eHowNet-food
1715,芫荽,eHowNet-food
1716,香菜,eHowNet-food
1717,洋山芋,eHowNet-food
1718,洋芋,eHowNet-food
1719,洋芋片,eHowNet-food
1720,薯,eHowNet-food
1721,薯條,eHowNet-food
1722,馬鈴薯,eHowNet-food
1723,紅蘿蔔,eHowNet-food
1724,胡夢卜,eHowNet-food
1725,胡蘿蔔,eHowNet-food
1726,無籽西瓜,eHowNet-food
1727,西瓜,eHowNet-food
1728,西瓜皮,eHowNet-food
1729,馬鈴瓜,eHowNet-food
0,化妝品,eHowNet-cosmetics
1,乳液,eHowNet-cosmetics
2,香水,eHowNet-cosmetics
3,保濕霜,eHowNet-cosmetics
4,遮瑕膏,eHowNet-cosmetics
5,指甲油,eHowNet-cosmetics
6,粉墨,eHowNet-cosmetics
7,胭,eHowNet-cosmetics
8,唇筆,eHowNet-cosmetics
9,眼霜,eHowNet-cosmetics
10,水粉,eHowNet-cosmetics
11,胭粉,eHowNet-cosmetics
12,粉,eHowNet-cosmetics
13,唇彩,eHowNet-cosmetics
14,腮紅,eHowNet-cosmetics
15,胭脂花粉,eHowNet-cosmetics
16,粉餅,eHowNet-cosmetics
17,胭脂,eHowNet-cosmetics
18,脂粉,eHowNet-cosmetics
19,保養品,eHowNet-cosmetics
20,面膜,eHowNet-cosmetics
21,化粧品,eHowNet-cosmetics
22,眼影,eHowNet-cosmetics
23,眉筆,eHowNet-cosmetics
24,花露水,eHowNet-cosmetics
25,雪花膏,eHowNet-cosmetics
26,護手霜,eHowNet-cosmetics
27,蔻丹,eHowNet-cosmetics
28,面霜,eHowNet-cosmetics
29,口紅,eHowNet-cosmetics
30,脣膏,eHowNet-cosmetics
31,精華露,eHowNet-cosmetics
32,花黃,eHowNet-cosmetics
33,鉛華,eHowNet-cosmetics
34,粉底,eHowNet-cosmetics
35,香精,eHowNet-cosmetics
36,唇膏,eHowNet-cosmetics
0,四眼魚,eHowNet-animate
1,成魚,eHowNet-animate
2,沙丁魚,eHowNet-animate
3,河魚,eHowNet-animate
4,海魚,eHowNet-animate
5,溪魚,eHowNet-animate
6,無顎魚,eHowNet-animate
7,生魚片,eHowNet-animate
8,秘雕魚,eHowNet-animate
9,醃魚,eHowNet-animate
10,醺魚,eHowNet-animate
11,釜中魚,eHowNet-animate
12,銀魚,eHowNet-animate
13,雄魚,eHowNet-animate
14,飛魚,eHowNet-animate
15,食人魚,eHowNet-animate
16,食用魚,eHowNet-animate
17,魚介,eHowNet-animate
18,魚塊,eHowNet-animate
19,魚屍,eHowNet-animate
20,魚群,eHowNet-animate
21,魚蝦,eHowNet-animate
22,鮮魚,eHowNet-animate
23,鹹水魚,eHowNet-animate
24,鹹魚,eHowNet-animate
25,魚,eHowNet-animate
26,魚兒,eHowNet-animate
27,魚類,eHowNet-animate
28,淡水魚,eHowNet-animate
29,香魚,eHowNet-animate
30,腮,eHowNet-animate
31,魚肚,eHowNet-animate
32,魚鰓,eHowNet-animate
33,魚鰾,eHowNet-animate
34,鰓,eHowNet-animate
35,鰾,eHowNet-animate
36,幼魚,eHowNet-animate
37,魚秧,eHowNet-animate
38,魚苗,eHowNet-animate
39,鯤,eHowNet-animate
40,鱄,eHowNet-animate
41,黃花魚,eHowNet-animate
42,黃魚,eHowNet-animate
43,印魚,eHowNet-animate
44,斑魚,eHowNet-animate
45,河豚,eHowNet-animate
46,魨,eHowNet-animate
47,海蛆,eHowNet-animate
48,海馬,eHowNet-animate
49,海龍,eHowNet-animate
50,雄海馬,eHowNet-animate
51,燈籠魚,eHowNet-animate
52,琵琶魚,eHowNet-animate
53,秋刀魚,eHowNet-animate
54,虱目魚,eHowNet-animate
55,孔雀魚,eHowNet-animate
56,熱帶魚,eHowNet-animate
57,紅龍,eHowNet-animate
58,觀賞魚,eHowNet-animate
59,金魚,eHowNet-animate
60,鬥魚,eHowNet-animate
61,魟,eHowNet-animate
62,鰩,eHowNet-animate
63,鰩魚,eHowNet-animate
64,鮪,eHowNet-animate
65,鮪魚,eHowNet-animate
66,櫻花鉤吻鮭,eHowNet-animate
67,河鱒,eHowNet-animate
68,鉤吻鮭,eHowNet-animate
69,鮭,eHowNet-animate
70,鮭魚,eHowNet-animate
71,鱒魚,eHowNet-animate
72,錦鯉,eHowNet-animate
73,松魚,eHowNet-animate
74,草魚,eHowNet-animate
75,鯇,eHowNet-animate
76,鯉,eHowNet-animate
77,鯉魚,eHowNet-animate
78,鰱,eHowNet-animate
79,鰱魚,eHowNet-animate
80,虎鯊,eHowNet-animate
81,豆腐鯊,eHowNet-animate
82,鮫,eHowNet-animate
83,鮫鰈,eHowNet-animate
84,鯊,eHowNet-animate
85,鯊魚,eHowNet-animate
86,烏魚,eHowNet-animate
87,鯔,eHowNet-animate
88,青花魚,eHowNet-animate
89,青魚,eHowNet-animate
90,魠,eHowNet-animate
91,鮐,eHowNet-animate
92,鯖,eHowNet-animate
93,鯖魚,eHowNet-animate
94,黑鯛,eHowNet-animate
95,魴,eHowNet-animate
96,鯛,eHowNet-animate
97,鯛類,eHowNet-animate
98,鯛魚,eHowNet-animate
99,鯧,eHowNet-animate
100,鯧魚,eHowNet-animate
101,土虱,eHowNet-animate
102,垃圾魚,eHowNet-animate
103,鮀,eHowNet-animate
104,鯰,eHowNet-animate
105,鰋,eHowNet-animate
106,黏魚,eHowNet-animate
107,鯷,eHowNet-animate
108,鯷魚,eHowNet-animate
109,鱭,eHowNet-animate
110,扁魚,eHowNet-animate
111,比目魚,eHowNet-animate
112,沙魚,eHowNet-animate
113,鰈,eHowNet-animate
114,鰨,eHowNet-animate
115,泥鰍,eHowNet-animate
116,鰍,eHowNet-animate
117,鰼,eHowNet-animate
118,鰣,eHowNet-animate
119,尾鰭,eHowNet-animate
120,胸鰭,eHowNet-animate
121,臀鰭,eHowNet-animate
122,魚鰭,eHowNet-animate
123,鰭,eHowNet-animate
124,鰳,eHowNet-animate
125,鮂,eHowNet-animate
126,鯪,eHowNet-animate
127,鰷,eHowNet-animate
128,鰷魚,eHowNet-animate
129,柴魚,eHowNet-animate
130,鰹,eHowNet-animate
131,八目鰻,eHowNet-animate
132,歐洲鰻,eHowNet-animate
133,海鰻,eHowNet-animate
134,美洲鰻,eHowNet-animate
135,鰻,eHowNet-animate
136,鰻魚,eHowNet-animate
137,鱔,eHowNet-animate
138,鱔魚,eHowNet-animate
139,鱺,eHowNet-animate
140,鱈,eHowNet-animate
141,鱈魚,eHowNet-animate
142,鱖,eHowNet-animate
143,鱖魚,eHowNet-animate
144,鰉,eHowNet-animate
145,鱘,eHowNet-animate
146,鱘魚,eHowNet-animate
147,鱣,eHowNet-animate
148,鱧,eHowNet-animate
149,吳郭魚,eHowNet-animate
150,海鱸,eHowNet-animate
151,石斑魚,eHowNet-animate
152,石首魚,eHowNet-animate
153,金目鱸,eHowNet-animate
154,青鱸,eHowNet-animate
155,馬頭魚,eHowNet-animate
156,鬼頭刀,eHowNet-animate
157,鱸,eHowNet-animate
158,鱸魚,eHowNet-animate
159,鮒,eHowNet-animate
160,鯽,eHowNet-animate
161,鯽魚,eHowNet-animate
162,梭子魚,eHowNet-animate
163,梭魚,eHowNet-animate
164,梭魚類,eHowNet-animate
165,劍魚,eHowNet-animate
166,旗魚,eHowNet-animate
167,帶魚,eHowNet-animate
168,白帶魚,eHowNet-animate
169,紅魚,eHowNet-animate
170,紅鯛,eHowNet-animate
171,保護鳥,eHowNet-animate
172,墨鴉,eHowNet-animate
173,始祖鳥,eHowNet-animate
174,害鳥,eHowNet-animate
175,家禽,eHowNet-animate
176,小鳥,eHowNet-animate
177,巨鳥,eHowNet-animate
178,慈鳥,eHowNet-animate
179,成鳥,eHowNet-animate
180,氣囊,eHowNet-animate
181,玄鳥,eHowNet-animate
182,珍禽,eHowNet-animate
183,留鳥,eHowNet-animate
184,百鳥,eHowNet-animate
185,益鳥,eHowNet-animate
186,鴆,eHowNet-animate
187,鶼,eHowNet-animate
188,禽,eHowNet-animate
189,禽類,eHowNet-animate
190,禽鳥,eHowNet-animate
191,飛禽,eHowNet-animate
192,飛鳥,eHowNet-animate
193,鳥,eHowNet-animate
194,鳥兒,eHowNet-animate
195,鳥禽,eHowNet-animate
196,鳥類,eHowNet-animate
197,精衛,eHowNet-animate
198,幼禽,eHowNet-animate
199,幼雛,eHowNet-animate
200,雛鳥,eHowNet-animate
201,野禽,eHowNet-animate
202,野鳥,eHowNet-animate
203,黑面琵鷺,eHowNet-animate
204,伯勞,eHowNet-animate
205,伯勞鳥,eHowNet-animate
206,信鳥,eHowNet-animate
207,候鳥,eHowNet-animate
208,鴃,eHowNet-animate
209,啄木鳥,eHowNet-animate
210,孔雀,eHowNet-animate
211,子規,eHowNet-animate
212,布穀,eHowNet-animate
213,布穀鳥,eHowNet-animate
214,思歸鳥,eHowNet-animate
215,杜鵑,eHowNet-animate
216,杜鵑鳥,eHowNet-animate
217,鶡,eHowNet-animate
218,鸕鶿,eHowNet-animate
219,山鷸,eHowNet-animate
220,水禽,eHowNet-animate
221,水鳥,eHowNet-animate
222,磯鳥,eHowNet-animate
223,磯鷂,eHowNet-animate
224,磯鷸,eHowNet-animate
225,阿比,eHowNet-animate
226,雞鶒,eHowNet-animate
227,鷟,eHowNet-animate
228,鷸,eHowNet-animate
229,鷸類,eHowNet-animate
230,麻鷸,eHowNet-animate
231,信天翁,eHowNet-animate
232,沙鷗,eHowNet-animate
233,海鳥,eHowNet-animate
234,海鷗,eHowNet-animate
235,軍艦鳥,eHowNet-animate
236,鷗,eHowNet-animate
237,鷗鳥,eHowNet-animate
238,烏鶖,eHowNet-animate
239,犀鳥,eHowNet-animate
240,夜鷹,eHowNet-animate
241,海鷲,eHowNet-animate
242,禿鷹,eHowNet-animate
243,海東青,eHowNet-animate
244,灰面鷲,eHowNet-animate
245,猛禽,eHowNet-animate
246,隼,eHowNet-animate
247,鵰,eHowNet-animate
248,鶻,eHowNet-animate
249,鷲,eHowNet-animate
250,鸇,eHowNet-animate
251,夜貓,eHowNet-animate
252,梟,eHowNet-animate
253,貓頭鷹,eHowNet-animate
254,鴞,eHowNet-animate
255,鴟,eHowNet-animate
256,鴟鴞,eHowNet-animate
257,鴟鵂,eHowNet-animate
258,無翼鳥,eHowNet-animate
259,走禽,eHowNet-animate
260,土雞,eHowNet-animate
261,山雞,eHowNet-animate
262,松雞,eHowNet-animate
263,水雉,eHowNet-animate
264,翬,eHowNet-animate
265,老母雞,eHowNet-animate
266,肉冠,eHowNet-animate
267,荒雞,eHowNet-animate
268,藍腹鷴,eHowNet-animate
269,野雞,eHowNet-animate
270,金雞,eHowNet-animate
271,閹雞,eHowNet-animate
272,雛雞,eHowNet-animate
273,雞隻,eHowNet-animate
274,雷鳥,eHowNet-animate
275,鬥雞,eHowNet-animate
276,山鷓鴣,eHowNet-animate
277,帝雉,eHowNet-animate
278,火雞,eHowNet-animate
279,烏骨雞,eHowNet-animate
280,珍珠雞,eHowNet-animate
281,竹雞,eHowNet-animate
282,肉雞,eHowNet-animate
283,錦雞,eHowNet-animate
284,雉,eHowNet-animate
285,雉雞,eHowNet-animate
286,雞,eHowNet-animate
287,鵪鶉,eHowNet-animate
288,鶉,eHowNet-animate
289,鷃,eHowNet-animate
290,鷓鴣,eHowNet-animate
291,鳴禽,eHowNet-animate
292,天堂鳥,eHowNet-animate
293,寒鴉,eHowNet-animate
294,慈烏,eHowNet-animate
295,烏,eHowNet-animate
296,烏鴉,eHowNet-animate
297,老鴉,eHowNet-animate
298,鴉,eHowNet-animate
299,乳鴿,eHowNet-animate
300,信鴿,eHowNet-animate
301,傳信鴿,eHowNet-animate
302,傳書鴿,eHowNet-animate
303,和平鴿,eHowNet-animate
304,家鴿,eHowNet-animate
305,斑鳩,eHowNet-animate
306,班鳩,eHowNet-animate
307,軍鴿,eHowNet-animate
308,野鴿,eHowNet-animate
309,雉鳩,eHowNet-animate
310,風信鴿,eHowNet-animate
311,鳩,eHowNet-animate
312,鴿,eHowNet-animate
313,鴿子,eHowNet-animate
314,鵯鵊,eHowNet-animate
315,喜鵲,eHowNet-animate
316,山鵲,eHowNet-animate
317,藍鵲,eHowNet-animate
318,鵲,eHowNet-animate
319,鷽,eHowNet-animate
320,丹頂鶴,eHowNet-animate
321,仙鶴,eHowNet-animate
322,千鳥,eHowNet-animate
323,紅鶴,eHowNet-animate
324,野鶴,eHowNet-animate
325,鶴,eHowNet-animate
326,鶴頂紅,eHowNet-animate
327,鸛雀,eHowNet-animate
328,白鶺鴒,eHowNet-animate
329,鴒,eHowNet-animate
330,鶺,eHowNet-animate
331,鶺鴒,eHowNet-animate
332,大鵬鳥,eHowNet-animate
333,鯤鵬,eHowNet-animate
334,鵬,eHowNet-animate
335,鵬鳥,eHowNet-animate
336,天鵝,eHowNet-animate
337,白鵠,eHowNet-animate
338,鴻鵠,eHowNet-animate
339,鵠,eHowNet-animate
340,翠鳥,eHowNet-animate
341,翡,eHowNet-animate
342,雎鳩,eHowNet-animate
343,魚狗,eHowNet-animate
344,烤鴨,eHowNet-animate
345,野鴨,eHowNet-animate
346,鳧,eHowNet-animate
347,鴛,eHowNet-animate
348,土番鴨,eHowNet-animate
349,板鴨,eHowNet-animate
350,水鴨,eHowNet-animate
351,番鴨,eHowNet-animate
352,菜鴨,eHowNet-animate
353,鴛鴦,eHowNet-animate
354,鴨,eHowNet-animate
355,鴨子,eHowNet-animate
356,提壺,eHowNet-animate
357,鵜鶘,eHowNet-animate
358,鶘,eHowNet-animate
359,白鵝,eHowNet-animate
360,鵝群,eHowNet-animate
361,塘鵝,eHowNet-animate
362,鵝,eHowNet-animate
363,夜鷺,eHowNet-animate
364,牛背鷺,eHowNet-animate
365,琵鷺,eHowNet-animate
366,鷺,eHowNet-animate
367,鷺鷥,eHowNet-animate
368,鸛,eHowNet-animate
369,鸛鳥,eHowNet-animate
370,兀鷹,eHowNet-animate
371,夜鶚,eHowNet-animate
372,松雀鷹,eHowNet-animate
373,林鵰,eHowNet-animate
374,獵鷹,eHowNet-animate
375,神鷹,eHowNet-animate
376,紅隼,eHowNet-animate
377,老鷹,eHowNet-animate
378,蒼鷹,eHowNet-animate
379,赤腹鷹,eHowNet-animate
380,雀鷹,eHowNet-animate
381,雄鷹,eHowNet-animate
382,飛鷹,eHowNet-animate
383,騺鷹,eHowNet-animate
384,鳶,eHowNet-animate
385,鶚,eHowNet-animate
386,鷂,eHowNet-animate
387,鷂子,eHowNet-animate
388,鷙鷹,eHowNet-animate
389,鷹,eHowNet-animate
390,黑鷹,eHowNet-animate
391,企鵝,eHowNet-animate
392,駝鳥,eHowNet-animate
393,鴕,eHowNet-animate
394,鴕鳥,eHowNet-animate
395,公雞,eHowNet-animate
396,雄雞,eHowNet-animate
397,母雞,eHowNet-animate
398,草雞,eHowNet-animate
399,九官鳥,eHowNet-animate
400,八哥,eHowNet-animate
401,八哥兒,eHowNet-animate
402,十姊妹,eHowNet-animate
403,朱雀,eHowNet-animate
404,烏頭翁,eHowNet-animate
405,白頭翁,eHowNet-animate
406,頰白鳥,eHowNet-animate
407,駒鳥,eHowNet-animate
408,家雀,eHowNet-animate
409,山雀,eHowNet-animate
410,懸巢鳥,eHowNet-animate
411,文鳥,eHowNet-animate
412,燕雀,eHowNet-animate
413,琴鳥,eHowNet-animate
414,畫眉,eHowNet-animate
415,畫眉鳥,eHowNet-animate
416,百靈,eHowNet-animate
417,百靈鳥,eHowNet-animate
418,知更鳥,eHowNet-animate
419,藪鳥,eHowNet-animate
420,雀,eHowNet-animate
421,雲雀,eHowNet-animate
422,鴝,eHowNet-animate
423,鴝鵒,eHowNet-animate
424,鴳,eHowNet-animate
425,鶇,eHowNet-animate
426,鷦,eHowNet-animate
427,麻雀,eHowNet-animate
428,黃雀,eHowNet-animate
429,黃鳥,eHowNet-animate
430,夜鶯,eHowNet-animate
431,朱鸝,eHowNet-animate
432,柳鶯,eHowNet-animate
433,野鶯,eHowNet-animate
434,雛鶯,eHowNet-animate
435,鶯,eHowNet-animate
436,鷦鶯,eHowNet-animate
437,鸝,eHowNet-animate
438,黃鶯,eHowNet-animate
439,黃鸝,eHowNet-animate
440,鸚鵡,eHowNet-animate
441,母鴨,eHowNet-animate
442,鴦,eHowNet-animate
443,大雁,eHowNet-animate
444,寒雁,eHowNet-animate
445,落雁,eHowNet-animate
446,雁,eHowNet-animate
447,雁子,eHowNet-animate
448,雁鴨,eHowNet-animate
449,雁鴨科,eHowNet-animate
450,鳴雁,eHowNet-animate
451,鴻,eHowNet-animate
452,鴻雁,eHowNet-animate
453,白鷺,eHowNet-animate
454,白鷺鷥,eHowNet-animate
455,綠繡眼,eHowNet-animate
456,青雀,eHowNet-animate
457,金絲雀,eHowNet-animate
458,金絲鳥,eHowNet-animate
459,金翅雀,eHowNet-animate
460,乳燕,eHowNet-animate
461,家燕,eHowNet-animate
462,小燕子,eHowNet-animate
463,洋燕,eHowNet-animate
464,海燕,eHowNet-animate
465,燕,eHowNet-animate
466,燕兒,eHowNet-animate
467,燕子,eHowNet-animate
468,白腰雨燕,eHowNet-animate
469,蜂鳥,eHowNet-animate
470,雨燕,eHowNet-animate
471,飛燕,eHowNet-animate
472,中餐,eHowNet-animate
473,午時茶,eHowNet-animate
474,外賣,eHowNet-animate
475,套餐,eHowNet-animate
476,年貨,eHowNet-animate
477,廩膳,eHowNet-animate
478,殘席,eHowNet-animate
479,營養品,eHowNet-animate
480,牲品,eHowNet-animate
481,白食,eHowNet-animate
482,耶誕餐,eHowNet-animate
483,葡萄糖,eHowNet-animate
484,藥膳,eHowNet-animate
485,蜂皇漿,eHowNet-animate
486,蜂膠,eHowNet-animate
487,血糖,eHowNet-animate
488,補品,eHowNet-animate
489,西餐,eHowNet-animate
490,豬血,eHowNet-animate
491,醍醐,eHowNet-animate
492,食材,eHowNet-animate
493,伙食,eHowNet-animate
494,吃食,eHowNet-animate
495,客飯,eHowNet-animate
496,料理,eHowNet-animate
497,水米,eHowNet-animate
498,燕食,eHowNet-animate
499,盤中飧,eHowNet-animate
500,簞食壺漿,eHowNet-animate
501,糧食,eHowNet-animate
502,肴饌,eHowNet-animate
503,膳羞,eHowNet-animate
504,膳食,eHowNet-animate
505,茶食,eHowNet-animate
506,茶飯,eHowNet-animate
507,酒食,eHowNet-animate
508,酒飯,eHowNet-animate
509,食,eHowNet-animate
510,食物,eHowNet-animate
511,飯菜,eHowNet-animate
512,飲食,eHowNet-animate
513,餐食,eHowNet-animate
514,餐點,eHowNet-animate
515,饌,eHowNet-animate
516,冷飲,eHowNet-animate
517,氣泡水,eHowNet-animate
518,熱飲,eHowNet-animate
519,礦泉水,eHowNet-animate
520,米漿,eHowNet-animate
521,養樂多,eHowNet-animate
522,汁,eHowNet-animate
523,茶酒,eHowNet-animate
524,飲品,eHowNet-animate
525,飲料,eHowNet-animate
526,飲料水,eHowNet-animate
527,乳製品,eHowNet-animate
528,便當,eHowNet-animate
529,南北貨,eHowNet-animate
530,嗟來食,eHowNet-animate
531,囤糧,eHowNet-animate
532,炮食,eHowNet-animate
533,熟食,eHowNet-animate
534,熱食,eHowNet-animate
535,眷糧,eHowNet-animate
536,積糧,eHowNet-animate
537,納豆,eHowNet-animate
538,給糧,eHowNet-animate
539,罐頭,eHowNet-animate
540,罐頭食品,eHowNet-animate
541,脯醢,eHowNet-animate
542,蒸食,eHowNet-animate
543,蛋品,eHowNet-animate
544,賑糧,eHowNet-animate
545,鄉味,eHowNet-animate
546,釀造品,eHowNet-animate
547,野食,eHowNet-animate
548,雜糧,eHowNet-animate
549,食塊,eHowNet-animate
550,餘糧,eHowNet-animate
551,餱,eHowNet-animate
552,鮓,eHowNet-animate
553,鮮貨,eHowNet-animate
554,田糧,eHowNet-animate
555,糧,eHowNet-animate
556,膳,eHowNet-animate
557,食品,eHowNet-animate
558,食糧,eHowNet-animate
559,饔,eHowNet-animate
560,供品,eHowNet-animate
561,齋供,eHowNet-animate
562,宵夜,eHowNet-animate
563,消夜,eHowNet-animate
564,惡食,eHowNet-animate
565,淡飯,eHowNet-animate
566,粗糧,eHowNet-animate
567,粗茶淡飯,eHowNet-animate
568,草具,eHowNet-animate
569,薄具,eHowNet-animate
570,三餐,eHowNet-animate
571,正餐,eHowNet-animate
572,礦物質,eHowNet-animate
573,鐵質,eHowNet-animate
574,營養,eHowNet-animate
575,營養素,eHowNet-animate
576,養分,eHowNet-animate
577,養料,eHowNet-animate
578,便飯,eHowNet-animate
579,便餐,eHowNet-animate
580,家常便飯,eHowNet-animate
581,簡餐,eHowNet-animate
582,三鮮,eHowNet-animate
583,佳餚美酒,eHowNet-animate
584,八珍,eHowNet-animate
585,好料,eHowNet-animate
586,山珍,eHowNet-animate
587,山珍海味,eHowNet-animate
588,旨酒佳肴,eHowNet-animate
589,海味山珍,eHowNet-animate
590,炊金饌玉,eHowNet-animate
591,玉食,eHowNet-animate
592,珍味,eHowNet-animate
593,珍饈,eHowNet-animate
594,甘旨,eHowNet-animate
595,粱肉,eHowNet-animate
596,美味,eHowNet-animate
597,美食,eHowNet-animate
598,肥甘,eHowNet-animate
599,自助餐,eHowNet-animate
600,糧秣,eHowNet-animate
601,糧草,eHowNet-animate
602,糧餉,eHowNet-animate
603,軍糧,eHowNet-animate
604,快餐,eHowNet-animate
605,方便麵,eHowNet-animate
606,泡麵,eHowNet-animate
607,生力麵,eHowNet-animate
608,速食,eHowNet-animate
609,速食麵,eHowNet-animate
610,狗食,eHowNet-animate
611,白魚粉,eHowNet-animate
612,飼料,eHowNet-animate
613,煉乳,eHowNet-animate
614,酪漿,eHowNet-animate
615,乳品,eHowNet-animate
616,乳類,eHowNet-animate
617,奶品,eHowNet-animate
618,奶昔,eHowNet-animate
619,牛乳,eHowNet-animate
620,牛奶,eHowNet-animate
621,鮮乳,eHowNet-animate
622,鮮奶,eHowNet-animate
623,可可,eHowNet-animate
624,咖啡,eHowNet-animate
625,原汁,eHowNet-animate
626,橘子汁,eHowNet-animate
627,橙汁,eHowNet-animate
628,烏梅汁,eHowNet-animate
629,籚筍汁,eHowNet-animate
630,葡萄汁,eHowNet-animate
631,蔗漿,eHowNet-animate
632,蘆薈露,eHowNet-animate
633,蘋果汁,eHowNet-animate
634,果子露,eHowNet-animate
635,果汁,eHowNet-animate
636,水果汁,eHowNet-animate
637,可口可樂,eHowNet-animate
638,百事可樂,eHowNet-animate
639,可樂,eHowNet-animate
640,汽水,eHowNet-animate
641,沙士,eHowNet-animate
642,蘇打,eHowNet-animate
643,西打,eHowNet-animate
644,佳茗,eHowNet-animate
645,奶茶,eHowNet-animate
646,廣東茶,eHowNet-animate
647,拉茶,eHowNet-animate
648,春茶,eHowNet-animate
649,杏仁茶,eHowNet-animate
650,武夷茶,eHowNet-animate
651,泡沫紅茶,eHowNet-animate
652,涼茶,eHowNet-animate
653,滇茶,eHowNet-animate
654,濃茶,eHowNet-animate
655,玉露,eHowNet-animate
656,神麴茶,eHowNet-animate
657,紅茶,eHowNet-animate
658,藥茶,eHowNet-animate
659,青草茶,eHowNet-animate
660,香片,eHowNet-animate
661,凍頂烏龍茶,eHowNet-animate
662,包種茶,eHowNet-animate
663,普洱茶,eHowNet-animate
664,烏龍茶,eHowNet-animate
665,煎茶,eHowNet-animate
666,白茶,eHowNet-animate
667,花茶,eHowNet-animate
668,苦茶,eHowNet-animate
669,茗,eHowNet-animate
670,茗茶,eHowNet-animate
671,茶,eHowNet-animate
672,茶水,eHowNet-animate
673,茶湯,eHowNet-animate
674,鐵觀音,eHowNet-animate
675,香茶,eHowNet-animate
676,龍鬚茶,eHowNet-animate
677,豆乳,eHowNet-animate
678,豆奶,eHowNet-animate
679,豆漿,eHowNet-animate
680,乳酒,eHowNet-animate
681,交杯酒,eHowNet-animate
682,劣酒,eHowNet-animate
683,名酒,eHowNet-animate
684,悶酒,eHowNet-animate
685,料理酒,eHowNet-animate
686,果酒,eHowNet-animate
687,櫻桃酒,eHowNet-animate
688,洋酒,eHowNet-animate
689,淡酒,eHowNet-animate
690,濁酒,eHowNet-animate
691,私酒,eHowNet-animate
692,紅酒,eHowNet-animate
693,紅露酒,eHowNet-animate
694,紹興酒,eHowNet-animate
695,花酒,eHowNet-animate
696,蒸餾酒,eHowNet-animate
697,蘋果酒,eHowNet-animate
698,虎骨酒,eHowNet-animate
699,蛋酒,eHowNet-animate
700,酒類,eHowNet-animate
701,酤,eHowNet-animate
702,醅,eHowNet-animate
703,雄黃酒,eHowNet-animate
704,雞尾酒,eHowNet-animate
705,香酒,eHowNet-animate
706,鬯,eHowNet-animate
707,麥酒,eHowNet-animate
708,壺中物,eHowNet-animate
709,女兒紅,eHowNet-animate
710,搾渣,eHowNet-animate
711,杜康,eHowNet-animate
712,杜松子酒,eHowNet-animate
713,杯中物,eHowNet-animate
714,梨酒,eHowNet-animate
715,水酒,eHowNet-animate
716,琴酒,eHowNet-animate
717,白蘭地,eHowNet-animate
718,福壽酒,eHowNet-animate
719,竹葉青,eHowNet-animate
720,酒,eHowNet-animate
721,醇醨,eHowNet-animate
722,醞,eHowNet-animate
723,釀,eHowNet-animate
724,雪利酒,eHowNet-animate
725,黃湯,eHowNet-animate
726,黃酒,eHowNet-animate
727,副食,eHowNet-animate
728,副食品,eHowNet-animate
729,囚糧,eHowNet-animate
730,牢飯,eHowNet-animate
731,北貨,eHowNet-animate
732,山貨,eHowNet-animate
733,時羞,eHowNet-animate
734,時鮮,eHowNet-animate
735,鮮味,eHowNet-animate
736,鮮食,eHowNet-animate
737,主食,eHowNet-animate
738,孟婆湯,eHowNet-animate
739,杯湯,eHowNet-animate
740,汆湯,eHowNet-animate
741,清湯,eHowNet-animate
742,濃湯,eHowNet-animate
743,熱湯,eHowNet-animate
744,牛肉湯,eHowNet-animate
745,米湯,eHowNet-animate
746,羹,eHowNet-animate
747,薑湯,eHowNet-animate
748,酒湯,eHowNet-animate
749,酸辣湯,eHowNet-animate
750,雞湯,eHowNet-animate
751,湯,eHowNet-animate
752,湯水,eHowNet-animate
753,羅宋湯,eHowNet-animate
754,羹湯,eHowNet-animate
755,乾肉片,eHowNet-animate
756,涮羊肉,eHowNet-animate
757,熟肉,eHowNet-animate
758,燻肉,eHowNet-animate
759,生肉,eHowNet-animate
760,瘦肉,eHowNet-animate
761,白肉,eHowNet-animate
762,禽肉,eHowNet-animate
763,羊肉,eHowNet-animate
764,肉丁,eHowNet-animate
765,肉末,eHowNet-animate
766,肉片,eHowNet-animate
767,肉絲,eHowNet-animate
768,臠,eHowNet-animate
769,蝦仁,eHowNet-animate
770,蟹肉,eHowNet-animate
771,蠣黃,eHowNet-animate
772,鮮肉,eHowNet-animate
773,鹹肉,eHowNet-animate
774,鹿肉,eHowNet-animate
775,鼠肉,eHowNet-animate
776,肉品,eHowNet-animate
777,肉類,eHowNet-animate
778,串燒,eHowNet-animate
779,乾絲,eHowNet-animate
780,什錦菜,eHowNet-animate
781,冷盤,eHowNet-animate
782,凍雞,eHowNet-animate
783,叉燒,eHowNet-animate
784,回鍋肉,eHowNet-animate
785,大雜燴,eHowNet-animate
786,客家菜,eHowNet-animate
787,山產,eHowNet-animate
788,川菜,eHowNet-animate
789,年菜,eHowNet-animate
790,招牌菜,eHowNet-animate
791,沙拉,eHowNet-animate
792,油豆腐,eHowNet-animate
793,法國菜,eHowNet-animate
794,湘菜,eHowNet-animate
795,滷肉,eHowNet-animate
796,滷蛋,eHowNet-animate
797,滿漢全席,eHowNet-animate
798,炸雞,eHowNet-animate
799,烤雞,eHowNet-animate
800,煎蛋,eHowNet-animate
801,燉肉,eHowNet-animate
802,燉雞,eHowNet-animate
803,燒酒雞,eHowNet-animate
804,燻魚,eHowNet-animate
805,獅子頭,eHowNet-animate
806,珍肴異饌,eHowNet-animate
807,皮蛋,eHowNet-animate
808,菜蔬,eHowNet-animate
809,葷辛,eHowNet-animate
810,醃肉,eHowNet-animate
811,野味,eHowNet-animate
812,金腿,eHowNet-animate
813,鐵板燒,eHowNet-animate
814,雜碎,eHowNet-animate
815,饈,eHowNet-animate
816,魚翅,eHowNet-animate
817,魚香茄子,eHowNet-animate
818,鴨肫肝,eHowNet-animate
819,麻婆豆腐,eHowNet-animate
820,滷菜,eHowNet-animate
821,盤菜,eHowNet-animate
822,砂鍋菜,eHowNet-animate
823,肴,eHowNet-animate
824,菜,eHowNet-animate
825,菜肴,eHowNet-animate
826,菜餚,eHowNet-animate
827,餚,eHowNet-animate
828,乾貨,eHowNet-animate
829,八寶,eHowNet-animate
830,慕斯,eHowNet-animate
831,泡芙,eHowNet-animate
832,炸麻花,eHowNet-animate
833,西點,eHowNet-animate
834,豆簽,eHowNet-animate
835,冰糖葫蘆,eHowNet-animate
836,小食,eHowNet-animate
837,果食,eHowNet-animate
838,糖葫蘆,eHowNet-animate
839,茶點,eHowNet-animate
840,薩齊瑪,eHowNet-animate
841,零嘴,eHowNet-animate
842,零食,eHowNet-animate
843,點心,eHowNet-animate
844,中飯,eHowNet-animate
845,午飯,eHowNet-animate
846,午餐,eHowNet-animate
847,早茶,eHowNet-animate
848,早飯,eHowNet-animate
849,早餐,eHowNet-animate
850,早點,eHowNet-animate
851,夜飯,eHowNet-animate
852,晚飯,eHowNet-animate
853,晚餐,eHowNet-animate
854,纖維蛋白,eHowNet-animate
855,肌蛋白,eHowNet-animate
856,膠原,eHowNet-animate
857,膠原蛋白,eHowNet-animate
858,蛋白原,eHowNet-animate
859,蛋白質,eHowNet-animate
860,血紅蛋白,eHowNet-animate
861,燙麵,eHowNet-animate
862,麵團,eHowNet-animate
863,麵糰,eHowNet-animate
864,味噌,eHowNet-animate
865,味霖,eHowNet-animate
866,太白粉,eHowNet-animate
867,肉燥,eHowNet-animate
868,肉醬,eHowNet-animate
869,蓮蓉,eHowNet-animate
870,豆瓣,eHowNet-animate
871,豆豉,eHowNet-animate
872,醢,eHowNet-animate
873,鹹鹵,eHowNet-animate
874,佐料,eHowNet-animate
875,作料,eHowNet-animate
876,調味品,eHowNet-animate
877,調味料,eHowNet-animate
878,配料,eHowNet-animate
879,植物油,eHowNet-animate
880,葷油,eHowNet-animate
881,豬油,eHowNet-animate
882,魚油,eHowNet-animate
883,麻油,eHowNet-animate
884,棕櫚油,eHowNet-animate
885,椰子油,eHowNet-animate
886,橄欖油,eHowNet-animate
887,沙拉油,eHowNet-animate
888,油水,eHowNet-animate
889,生油,eHowNet-animate
890,花生油,eHowNet-animate
891,茶油,eHowNet-animate
892,菜油,eHowNet-animate
893,豆油,eHowNet-animate
894,食油,eHowNet-animate
895,食用油,eHowNet-animate
896,香油,eHowNet-animate
897,乾草,eHowNet-animate
898,乾草堆,eHowNet-animate
899,牧草,eHowNet-animate
900,秣,eHowNet-animate
901,芻秣,eHowNet-animate
902,芻糧,eHowNet-animate
903,苜蓿,eHowNet-animate
904,草料,eHowNet-animate
905,優酪乳,eHowNet-animate
906,發酵乳,eHowNet-animate
907,酸奶,eHowNet-animate
908,酸酪,eHowNet-animate
909,克寧,eHowNet-animate
910,脫脂奶粉,eHowNet-animate
911,奶粉,eHowNet-animate
912,椰乳,eHowNet-animate
913,椰子汁,eHowNet-animate
914,碳酸水,eHowNet-animate
915,蘇打水,eHowNet-animate
916,清茶,eHowNet-animate
917,綠茶,eHowNet-animate
918,龍井,eHowNet-animate
919,龍井茶,eHowNet-animate
920,佳釀,eHowNet-animate
921,嘉釀,eHowNet-animate
922,醁,eHowNet-animate
923,啤,eHowNet-animate
924,啤酒,eHowNet-animate
925,生啤酒,eHowNet-animate
926,杆子,eHowNet-animate
927,玉液瓊漿,eHowNet-animate
928,玉漿,eHowNet-animate
929,瓊漿玉液,eHowNet-animate
930,美酒,eHowNet-animate
931,毒酒,eHowNet-animate
933,鴆酒,eHowNet-animate
934,伏特加,eHowNet-animate
935,威士忌,eHowNet-animate
936,威士忌酒,eHowNet-animate
937,濃酒,eHowNet-animate
938,烈酒,eHowNet-animate
939,猛酒,eHowNet-animate
940,高粱酒,eHowNet-animate
941,狀元紅,eHowNet-animate
942,陳紹,eHowNet-animate
943,瓊漿,eHowNet-animate
944,花彫,eHowNet-animate
945,花彫酒,eHowNet-animate
946,花雕,eHowNet-animate
947,茅臺酒,eHowNet-animate
948,利口酒,eHowNet-animate
949,甜酒,eHowNet-animate
950,醴,eHowNet-animate
951,燒酒,eHowNet-animate
952,白乾,eHowNet-animate
953,白干兒,eHowNet-animate
954,白酒,eHowNet-animate
955,米酒,eHowNet-animate
956,米酒頭,eHowNet-animate
957,老酒,eHowNet-animate
958,陳酒,eHowNet-animate
959,陳高,eHowNet-animate
960,艾酒,eHowNet-animate
961,苦酒,eHowNet-animate
962,薄酒,eHowNet-animate
963,醨,eHowNet-animate
964,五加皮,eHowNet-animate
965,藥酒,eHowNet-animate
966,清酒,eHowNet-animate
967,醇酒,eHowNet-animate
968,醇醪,eHowNet-animate
969,醇釀,eHowNet-animate
970,醪,eHowNet-animate
971,葡萄酒,eHowNet-animate
972,香檳,eHowNet-animate
973,香檳酒,eHowNet-animate
974,粑,eHowNet-animate
975,糌粑,eHowNet-animate
976,剩飯,eHowNet-animate
977,咖哩飯,eHowNet-animate
978,大鍋飯,eHowNet-animate
979,油飯,eHowNet-animate
980,湯飯,eHowNet-animate
981,焦飯,eHowNet-animate
982,米粉肉,eHowNet-animate
983,鍋巴,eHowNet-animate
984,飯糰,eHowNet-animate
985,乾飯,eHowNet-animate
986,八寶飯,eHowNet-animate
987,熟飯,eHowNet-animate
988,米食,eHowNet-animate
989,米飯,eHowNet-animate
990,粥飯,eHowNet-animate
991,飯,eHowNet-animate
992,飯食,eHowNet-animate
993,鍋貼,eHowNet-animate
994,鍋貼兒,eHowNet-animate
995,扁食,eHowNet-animate
996,抄手,eHowNet-animate
997,水餃,eHowNet-animate
998,湯餃,eHowNet-animate
999,燒賣,eHowNet-animate
1000,蒸餃,eHowNet-animate
1001,餃,eHowNet-animate
1002,餃子,eHowNet-animate
1003,餑餑,eHowNet-animate
1004,餛飩,eHowNet-animate
1005,麵餃,eHowNet-animate
1006,乾粉,eHowNet-animate
1007,壽麵,eHowNet-animate
1008,炒麵,eHowNet-animate
1009,烏龍麵,eHowNet-animate
1010,牛肉麵,eHowNet-animate
1011,白麵,eHowNet-animate
1012,米粉,eHowNet-animate
1013,素麵,eHowNet-animate
1014,蚵仔麵線,eHowNet-animate
1015,豬腳麵線,eHowNet-animate
1016,切麵,eHowNet-animate
1017,拉麵,eHowNet-animate
1018,掛麵,eHowNet-animate
1019,擔仔麵,eHowNet-animate
1020,擔擔麵,eHowNet-animate
1021,油麵,eHowNet-animate
1022,涼麵,eHowNet-animate
1023,湯麵,eHowNet-animate
1024,炸醬麵,eHowNet-animate
1025,粉條,eHowNet-animate
1026,陽春麵,eHowNet-animate
1027,餑,eHowNet-animate
1028,餛飩麵,eHowNet-animate
1029,麵,eHowNet-animate
1030,麵條,eHowNet-animate
1031,麵糊,eHowNet-animate
1032,麵食,eHowNet-animate
1033,刈包,eHowNet-animate
1034,窩窩頭,eHowNet-animate
1035,麵包屑,eHowNet-animate
1036,糢,eHowNet-animate
1037,花捲,eHowNet-animate
1038,麵包,eHowNet-animate
1039,黑麵包,eHowNet-animate
1040,羹食,eHowNet-animate
1041,肉湯,eHowNet-animate
1042,肉羹,eHowNet-animate
1043,雞汁,eHowNet-animate
1044,雞精,eHowNet-animate
1045,湯頭,eHowNet-animate
1046,高湯,eHowNet-animate
1047,狗肉,eHowNet-animate
1048,香肉,eHowNet-animate
1049,肉乾,eHowNet-animate
1050,肉脯,eHowNet-animate
1051,碎肉,eHowNet-animate
1052,肉蓉,eHowNet-animate
1053,膾,eHowNet-animate
1054,五花肉,eHowNet-animate
1055,肥肉,eHowNet-animate
1056,臕,eHowNet-animate
1057,丸子,eHowNet-animate
1058,肉丸子,eHowNet-animate
1059,貢丸,eHowNet-animate
1060,牛柳,eHowNet-animate
1061,牛筋,eHowNet-animate
1062,牛腱,eHowNet-animate
1063,牛肉,eHowNet-animate
1064,牛腩,eHowNet-animate
1065,培根,eHowNet-animate
1066,排骨,eHowNet-animate
1067,豬排,eHowNet-animate
1068,豬肉,eHowNet-animate
1069,鹹豬肉,eHowNet-animate
1070,雞丁,eHowNet-animate
1071,雞塊,eHowNet-animate
1072,雞排,eHowNet-animate
1073,雞絲,eHowNet-animate
1074,雞肉,eHowNet-animate
1075,鹽酥雞,eHowNet-animate
1076,魚排,eHowNet-animate
1077,魚片,eHowNet-animate
1078,魚膾,eHowNet-animate
1079,魚肉,eHowNet-animate
1080,三杯雞,eHowNet-animate
1081,土窯雞,eHowNet-animate
1082,中國菜,eHowNet-animate
1083,中國飯,eHowNet-animate
1084,主菜,eHowNet-animate
1085,大菜,eHowNet-animate
1086,佳肴,eHowNet-animate
1087,佳餚,eHowNet-animate
1088,珍羞,eHowNet-animate
1089,珍膳,eHowNet-animate
1090,剩菜,eHowNet-animate
1091,殘羹,eHowNet-animate
1092,殘肴,eHowNet-animate
1093,餿水,eHowNet-animate
1094,大魚大肉,eHowNet-animate
1095,雞鴨魚肉,eHowNet-animate
1096,鳳髓龍肝,eHowNet-animate
1097,龍肝鳳髓,eHowNet-animate
1098,便菜,eHowNet-animate
1099,家常菜,eHowNet-animate
1100,小菜,eHowNet-animate
1101,涼拌菜,eHowNet-animate
1102,涼菜,eHowNet-animate
1103,嘉香肉,eHowNet-animate
1104,家鄉肉,eHowNet-animate
1105,火腿,eHowNet-animate
1106,木樨,eHowNet-animate
1107,木犀,eHowNet-animate
1108,松花,eHowNet-animate
1109,炒蛋,eHowNet-animate
1110,燒臘,eHowNet-animate
1111,臘味,eHowNet-animate
1112,臘肉,eHowNet-animate
1113,廣東菜,eHowNet-animate
1114,粵菜,eHowNet-animate
1115,肉鬆,eHowNet-animate
1116,胃脯,eHowNet-animate
1117,脯,eHowNet-animate
1118,腊,eHowNet-animate
1119,膾脯,eHowNet-animate
1120,葷腥,eHowNet-animate
1121,葷菜,eHowNet-animate
1122,葷食,eHowNet-animate
1123,豆乾,eHowNet-animate
1124,豆腐乾,eHowNet-animate
1125,豆腐干,eHowNet-animate
1126,下酒菜,eHowNet-animate
1127,酒菜,eHowNet-animate
1128,酒餚,eHowNet-animate
1129,前菜,eHowNet-animate
1130,開胃菜,eHowNet-animate
1131,雜拌,eHowNet-animate
1132,雜拌兒,eHowNet-animate
1133,雜燴,eHowNet-animate
1134,雜膾,eHowNet-animate
1135,左宗棠雞,eHowNet-animate
1136,麻油雞,eHowNet-animate
1137,壽司,eHowNet-animate
1138,手卷,eHowNet-animate
1139,乾貝,eHowNet-animate
1140,干貝,eHowNet-animate
1141,海味,eHowNet-animate
1142,海鮮,eHowNet-animate
1143,魚鮮,eHowNet-animate
1144,一品鍋,eHowNet-animate
1145,涮涮鍋,eHowNet-animate
1146,火鍋,eHowNet-animate
1147,石頭火鍋,eHowNet-animate
1148,素雞,eHowNet-animate
1149,素,eHowNet-animate
1150,素菜,eHowNet-animate
1151,素食,eHowNet-animate
1152,素餐,eHowNet-animate
1153,蔬食,eHowNet-animate
1154,老豆腐,eHowNet-animate
1155,臭豆腐,eHowNet-animate
1156,百頁,eHowNet-animate
1157,豆腐,eHowNet-animate
1158,豆腐腦兒,eHowNet-animate
1159,韓國泡菜,eHowNet-animate
1160,泡菜,eHowNet-animate
1161,蔭瓜,eHowNet-animate
1162,酸菜,eHowNet-animate
1163,醃漬物,eHowNet-animate
1164,醬瓜,eHowNet-animate
1165,醬菜,eHowNet-animate
1166,麵筋,eHowNet-animate
1167,粉腸,eHowNet-animate
1168,肉腸,eHowNet-animate
1169,臘腸,eHowNet-animate
1170,血腸,eHowNet-animate
1171,香腸,eHowNet-animate
1172,海苔,eHowNet-animate
1173,青海苔,eHowNet-animate
1174,甜品,eHowNet-animate
1175,甜甜圈,eHowNet-animate
1176,甜食,eHowNet-animate
1177,甜點,eHowNet-animate
1178,米果,eHowNet-animate
1179,粿,eHowNet-animate
1180,油茶,eHowNet-animate
1181,麵茶,eHowNet-animate
1182,冰品,eHowNet-animate
1183,冰棍,eHowNet-animate
1184,冰棒,eHowNet-animate
1185,冰淇淋,eHowNet-animate
1186,冰糕,eHowNet-animate
1187,凍糕,eHowNet-animate
1188,刨冰,eHowNet-animate
1189,枝仔冰,eHowNet-animate
1190,甜筒,eHowNet-animate
1191,聖代,eHowNet-animate
1192,雪糕,eHowNet-animate
1193,霜淇淋,eHowNet-animate
1194,香蕉冰,eHowNet-animate
1195,油條,eHowNet-animate
1196,米糕,eHowNet-animate
1197,蘿蔔糕,eHowNet-animate
1198,蚵仔煎,eHowNet-animate
1199,蛋餅,eHowNet-animate
1200,鴨賞,eHowNet-animate
1201,小吃,eHowNet-animate
1202,春捲,eHowNet-animate
1203,熱狗,eHowNet-animate
1204,甜不辣,eHowNet-animate
1205,碗粿,eHowNet-animate
1206,米苔目,eHowNet-animate
1207,肉圓,eHowNet-animate
1208,餡餅,eHowNet-animate
1209,魯肉飯,eHowNet-animate
1210,黑輪,eHowNet-animate
1211,官燕,eHowNet-animate
1212,涼粉,eHowNet-animate
1213,仙草,eHowNet-animate
1214,凍兒,eHowNet-animate
1215,布丁,eHowNet-animate
1216,愛玉,eHowNet-animate
1217,果凍,eHowNet-animate
1218,洋菜,eHowNet-animate
1219,洋菜膠,eHowNet-animate
1220,石花菜,eHowNet-animate
1221,爆玉米花,eHowNet-animate
1222,爆米花,eHowNet-animate
1223,玉米花,eHowNet-animate
1224,玉米花兒,eHowNet-animate
1225,瓜仁,eHowNet-animate
1226,瓜子,eHowNet-animate
1227,瓜子仁,eHowNet-animate
1228,元宵,eHowNet-animate
1229,圓仔湯,eHowNet-animate
1230,綠豆湯,eHowNet-animate
1231,蓮子湯,eHowNet-animate
1232,酸梅湯,eHowNet-animate
1233,甜湯,eHowNet-animate
1234,豆花,eHowNet-animate
1235,圓餅,eHowNet-animate
1236,壽糕,eHowNet-animate
1237,家常餅,eHowNet-animate
1238,柿糕,eHowNet-animate
1239,比薩,eHowNet-animate
1240,油炸餅,eHowNet-animate
1241,油香,eHowNet-animate
1242,煎餅,eHowNet-animate
1243,燒餅,eHowNet-animate
1244,玉米餅,eHowNet-animate
1245,甜糕點,eHowNet-animate
1246,禮餅,eHowNet-animate
1247,綠豆糕,eHowNet-animate
1248,肉餅,eHowNet-animate
1249,蒸餅,eHowNet-animate
1250,薄餅,eHowNet-animate
1251,薑餅,eHowNet-animate
1252,西餅,eHowNet-animate
1253,豬肉餅,eHowNet-animate
1254,酪餅,eHowNet-animate
1255,鍋盔,eHowNet-animate
1256,鬆脆餅,eHowNet-animate
1257,鳳梨酥,eHowNet-animate
1258,千層糕,eHowNet-animate
1259,太陽餅,eHowNet-animate
1260,年糕,eHowNet-animate
1261,春餅,eHowNet-animate
1262,水潤餅,eHowNet-animate
1263,油煎餅,eHowNet-animate
1264,派,eHowNet-animate
1265,涼糕,eHowNet-animate
1266,澄沙,eHowNet-animate
1267,烙餅,eHowNet-animate
1268,牛舌餅,eHowNet-animate
1269,狀元餅,eHowNet-animate
1270,粄,eHowNet-animate
1271,糕,eHowNet-animate
1272,糕餅,eHowNet-animate
1273,糕餅類,eHowNet-animate
1274,糕點,eHowNet-animate
1275,糖糕,eHowNet-animate
1276,羊羹,eHowNet-animate
1277,豆餅,eHowNet-animate
1278,酥餅,eHowNet-animate
1279,長年糕,eHowNet-animate
1280,飥,eHowNet-animate
1281,餅,eHowNet-animate
1282,香餅,eHowNet-animate
1283,鬆餅,eHowNet-animate
1284,麵餅,eHowNet-animate
1285,薄荷糖,eHowNet-animate
1286,薑糖,eHowNet-animate
1287,藥糖,eHowNet-animate
1288,麥芽糖,eHowNet-animate
1289,口香糖,eHowNet-animate
1290,拉糖,eHowNet-animate
1291,拔絲,eHowNet-animate
1292,棉花糖,eHowNet-animate
1293,棒棒糖,eHowNet-animate
1294,泡泡糖,eHowNet-animate
1295,牛皮糖,eHowNet-animate
1296,糖,eHowNet-animate
1297,糖果,eHowNet-animate
1298,糖食,eHowNet-animate
1299,葡萄乾,eHowNet-animate
1300,軟糖,eHowNet-animate
1301,酥糖,eHowNet-animate
1302,飴,eHowNet-animate
1303,龍眼乾,eHowNet-animate
1304,蜜餞,eHowNet-animate
1305,陳皮梅,eHowNet-animate
1306,乾糧,eHowNet-animate
1307,光餅,eHowNet-animate
1308,口糧,eHowNet-animate
1309,夾心餅乾,eHowNet-animate
1310,脆餅,eHowNet-animate
1311,蛋捲,eHowNet-animate
1312,餅乾,eHowNet-animate
1313,餅干,eHowNet-animate
1314,麻花,eHowNet-animate
1315,味精,eHowNet-animate
1316,味素,eHowNet-animate
1317,沙爹,eHowNet-animate
1318,沙茶,eHowNet-animate
1319,蒜汁,eHowNet-animate
1320,薑汁,eHowNet-animate
1321,甜酒釀,eHowNet-animate
1322,酒釀,eHowNet-animate
1323,乳酪,eHowNet-animate
1324,乳餅,eHowNet-animate
1325,乾酪,eHowNet-animate
1326,奶酪,eHowNet-animate
1327,牛酪,eHowNet-animate
1328,羊乳酪,eHowNet-animate
1329,起士,eHowNet-animate
1330,酪,eHowNet-animate
1331,加哩粉,eHowNet-animate
1332,加里,eHowNet-animate
1333,咖哩,eHowNet-animate
1334,咖喱,eHowNet-animate
1335,代糖,eHowNet-animate
1336,山梨醇,eHowNet-animate
1337,木糖醇,eHowNet-animate
1338,甘味劑,eHowNet-animate
1339,甜味劑,eHowNet-animate
1340,糖精,eHowNet-animate
1341,焦糖,eHowNet-animate
1342,特砂,eHowNet-animate
1343,糖蜜,eHowNet-animate
1344,紅糖,eHowNet-animate
1345,黑糖,eHowNet-animate
1346,冰糖,eHowNet-animate
1347,單醣,eHowNet-animate
1348,方糖,eHowNet-animate
1349,果寡糖,eHowNet-animate
1350,沙糖,eHowNet-animate
1351,砂糖,eHowNet-animate
1352,糖分,eHowNet-animate
1353,糖瓜,eHowNet-animate
1354,糖類,eHowNet-animate
1355,蔗糖,eHowNet-animate
1356,醣,eHowNet-animate
1357,食糖,eHowNet-animate
1358,花蜜,eHowNet-animate
1359,蜂蜜,eHowNet-animate
1360,蜜,eHowNet-animate
1361,蜜糖,eHowNet-animate
1362,烏醋,eHowNet-animate
1363,白醋,eHowNet-animate
1364,紅醋,eHowNet-animate
1365,老醋,eHowNet-animate
1366,醋,eHowNet-animate
1367,醯,eHowNet-animate
1368,陳醋,eHowNet-animate
1369,咖哩汁,eHowNet-animate
1370,炸醬,eHowNet-animate
1371,花生醬,eHowNet-animate
1372,蕃茄醬,eHowNet-animate
1373,蛋黃醬,eHowNet-animate
1374,蠔油,eHowNet-animate
1375,豆瓣醬,eHowNet-animate
1376,豆醬,eHowNet-animate
1377,辣醬,eHowNet-animate
1378,魚子醬,eHowNet-animate
1379,鹵汁,eHowNet-animate
1380,麻醬,eHowNet-animate
1381,漿汁,eHowNet-animate
1382,醬,eHowNet-animate
1383,醬料,eHowNet-animate
1384,棗泥,eHowNet-animate
1385,綠豆沙,eHowNet-animate
1386,肉餡,eHowNet-animate
1387,豆沙,eHowNet-animate
1388,餡,eHowNet-animate
1389,餡料,eHowNet-animate
1390,薄荷,eHowNet-animate
1391,五香,eHowNet-animate
1392,八角,eHowNet-animate
1393,椒料,eHowNet-animate
1394,胡椒粉,eHowNet-animate
1395,茴香,eHowNet-animate
1396,荳蔻,eHowNet-animate
1397,豆蔻,eHowNet-animate
1398,香料,eHowNet-animate
1399,井鹽,eHowNet-animate
1400,再製鹽,eHowNet-animate
1401,川鹽,eHowNet-animate
1402,椒鹽,eHowNet-animate
1403,池鹽,eHowNet-animate
1404,海鹽,eHowNet-animate
1405,私鹽,eHowNet-animate
1406,粗鹽,eHowNet-animate
1407,青鹽,eHowNet-animate
1408,食鹽,eHowNet-animate
1409,鹽,eHowNet-animate
1410,鹽份,eHowNet-animate
1411,鹽分,eHowNet-animate
1412,鹽巴,eHowNet-animate
1413,鹽類,eHowNet-animate
1414,奶油,eHowNet-animate
1415,牛油,eHowNet-animate
1416,白脫,eHowNet-animate
1417,酥油,eHowNet-animate
1418,鮮奶油,eHowNet-animate
1419,黃油,eHowNet-animate
1420,炒飯,eHowNet-animate
1421,蛋炒飯,eHowNet-animate
1422,燴飯,eHowNet-animate
1423,羹飯,eHowNet-animate
1424,膾飯,eHowNet-animate
1425,白米飯,eHowNet-animate
1426,白飯,eHowNet-animate
1427,竹筒飯,eHowNet-animate
1428,飯筒,eHowNet-animate
1429,粗糲,eHowNet-animate
1430,糲飯,eHowNet-animate
1431,糝,eHowNet-animate
1432,飯米粒兒,eHowNet-animate
1433,飯粒,eHowNet-animate
1434,乳粥,eHowNet-animate
1435,早粥,eHowNet-animate
1436,玉米粥,eHowNet-animate
1437,粥餳,eHowNet-animate
1438,麥粥,eHowNet-animate
1439,佛粥,eHowNet-animate
1440,八寶粥,eHowNet-animate
1441,水飯,eHowNet-animate
1442,泡飯,eHowNet-animate
1443,稀粥,eHowNet-animate
1444,稀飯,eHowNet-animate
1445,米粥,eHowNet-animate
1446,粥,eHowNet-animate
1447,糜,eHowNet-animate
1448,臘八粥,eHowNet-animate
1449,食糜,eHowNet-animate
1450,湯糰,eHowNet-animate
1451,湯糰兒,eHowNet-animate
1452,杯麵,eHowNet-animate
1453,碗麵,eHowNet-animate
1454,義大利麵,eHowNet-animate
1455,通心粉,eHowNet-animate
1456,通心麵,eHowNet-animate
1457,粉絲,eHowNet-animate
1458,線粉,eHowNet-animate
1459,麵線,eHowNet-animate
1460,吐司,eHowNet-animate
1461,土司,eHowNet-animate
1462,土司麵包,eHowNet-animate
1463,三明治,eHowNet-animate
1464,火腿三明治,eHowNet-animate
1465,小籠包,eHowNet-animate
1466,湯包,eHowNet-animate
1467,菜包子,eHowNet-animate
1468,豆包,eHowNet-animate
1469,包子,eHowNet-animate
1470,銀絲卷,eHowNet-animate
1471,銀絲捲,eHowNet-animate
1472,饃,eHowNet-animate
1473,饅頭,eHowNet-animate
1474,披薩,eHowNet-animate
1475,漢堡,eHowNet-animate
1476,牛排,eHowNet-animate
1477,牛肉排,eHowNet-animate
1478,魚丸,eHowNet-animate
1479,魚圓,eHowNet-animate
1480,齋,eHowNet-animate
1481,齋飯,eHowNet-animate
1482,豆腐皮,eHowNet-animate
1483,腐乳,eHowNet-animate
1484,豆腐乳,eHowNet-animate
1485,滷味,eHowNet-animate
1486,鹵味,eHowNet-animate
1487,粽,eHowNet-animate
1488,粽子,eHowNet-animate
1489,粿粽,eHowNet-animate
1490,肉粽,eHowNet-animate
1491,角黍,eHowNet-animate
1492,鹼粽,eHowNet-animate
1493,燕窩,eHowNet-animate
1494,燕菜,eHowNet-animate
1495,蜂王乳,eHowNet-animate
1496,蜂王漿,eHowNet-animate
1497,圓子,eHowNet-animate
1498,湯圓,eHowNet-animate
1499,中秋月餅,eHowNet-animate
1500,月餅,eHowNet-animate
1501,油餅,eHowNet-animate
1502,炸糕,eHowNet-animate
1503,蛋糕,eHowNet-animate
1504,雞蛋糕,eHowNet-animate
1505,巧克力,eHowNet-animate
1506,巧克力糖,eHowNet-animate
1507,朱古力糖,eHowNet-animate
1508,烏梅,eHowNet-animate
1509,茶梅,eHowNet-animate
1510,話梅,eHowNet-animate
1511,酸梅,eHowNet-animate
1512,白沙糖,eHowNet-animate
1513,白糖,eHowNet-animate
1514,糖水,eHowNet-animate
1515,糖漿,eHowNet-animate
1516,飴漿,eHowNet-animate
1517,餳,eHowNet-animate
1518,果子醬,eHowNet-animate
1519,果醬,eHowNet-animate
1520,紅油,eHowNet-animate
1521,辣椒醬,eHowNet-animate
1522,蔭油,eHowNet-animate
1523,醬油,eHowNet-animate
1524,胡椒,eHowNet-animate
1525,芥末,eHowNet-animate
1526,花椒,eHowNet-animate
1527,岩鹽,eHowNet-animate
1528,崖鹽,eHowNet-animate
1529,石鹽,eHowNet-animate
1530,水精鹽,eHowNet-animate
1531,精鹽,eHowNet-animate
1532,饘,eHowNet-animate
1533,饘粥,eHowNet-animate
1534,肉包,eHowNet-animate
1535,肉包子,eHowNet-animate
1536,油膏,eHowNet-animate
1537,膏油,eHowNet-animate
1538,乾果,eHowNet-animate
1539,假果,eHowNet-animate
1540,果屑,eHowNet-animate
1541,果皮,eHowNet-animate
1542,果穗,eHowNet-animate
1543,果肉,eHowNet-animate
1544,橡實,eHowNet-animate
1545,瓜瓣,eHowNet-animate
1546,百果,eHowNet-animate
1547,莢果,eHowNet-animate
1548,蒂,eHowNet-animate
1549,蔬果,eHowNet-animate
1550,鮮果,eHowNet-animate
1551,麥穗,eHowNet-animate
1552,果,eHowNet-animate
1553,果品,eHowNet-animate
1554,果子,eHowNet-animate
1555,果實,eHowNet-animate
1556,梨果,eHowNet-animate
1557,水果,eHowNet-animate
1558,火龍果,eHowNet-animate
1559,瓜果,eHowNet-animate
1560,蓏,eHowNet-animate
1561,果菜,eHowNet-animate
1562,果菜類,eHowNet-animate
1563,果蔬,eHowNet-animate
1564,桑椹,eHowNet-animate
1565,桑葚,eHowNet-animate
1566,松果,eHowNet-animate
1567,松毬,eHowNet-animate
1568,毬果,eHowNet-animate
1569,堅果,eHowNet-animate
1570,果仁,eHowNet-animate
1571,栗,eHowNet-animate
1572,栗子,eHowNet-animate
1573,核桃,eHowNet-animate
1574,榛子,eHowNet-animate
1575,炒栗子,eHowNet-animate
1576,胡桃,eHowNet-animate
1577,腰果,eHowNet-animate
1578,奇異果,eHowNet-animate
1579,獼猴桃,eHowNet-animate
1580,木瓜,eHowNet-animate
1581,萬壽果,eHowNet-animate
1582,李,eHowNet-animate
1583,李子,eHowNet-animate
1584,梅,eHowNet-animate
1585,梅子,eHowNet-animate
1586,楊梅,eHowNet-animate
1587,樹梅,eHowNet-animate
1588,青梅,eHowNet-animate
1589,黃梅,eHowNet-animate
1590,杏,eHowNet-animate
1591,杏兒,eHowNet-animate
1592,杏子,eHowNet-animate
1593,杏脯,eHowNet-animate
1594,枇杷,eHowNet-animate
1595,杏核,eHowNet-animate
1596,果心,eHowNet-animate
1597,果核,eHowNet-animate
1598,核仁,eHowNet-animate
1599,核果,eHowNet-animate
1600,文旦,eHowNet-animate
1601,柚,eHowNet-animate
1602,柚子,eHowNet-animate
1603,橙皮,eHowNet-animate
1604,甜橙,eHowNet-animate
1605,金橘,eHowNet-animate
1606,柑橘,eHowNet-animate
1607,柳丁,eHowNet-animate
1608,柳橙,eHowNet-animate
1609,橙,eHowNet-animate
1610,橙子,eHowNet-animate
1611,柿,eHowNet-animate
1612,柿子,eHowNet-animate
1613,柿青,eHowNet-animate
1614,柿餅,eHowNet-animate
1615,紅柿,eHowNet-animate
1616,壽桃,eHowNet-animate
1617,桃,eHowNet-animate
1618,桃兒,eHowNet-animate
1619,桃子,eHowNet-animate
1620,毛桃,eHowNet-animate
1621,水蜜桃,eHowNet-animate
1622,世紀梨,eHowNet-animate
1623,梨,eHowNet-animate
1624,梨子,eHowNet-animate
1625,棠,eHowNet-animate
1626,水梨,eHowNet-animate
1627,鴨梨,eHowNet-animate
1628,大棗,eHowNet-animate
1629,棗,eHowNet-animate
1630,棗子,eHowNet-animate
1631,海棗,eHowNet-animate
1632,紅棗,eHowNet-animate
1633,蜜棗,eHowNet-animate
1634,金棗,eHowNet-animate
1635,黑棗,eHowNet-animate
1636,椰,eHowNet-animate
1637,椰子,eHowNet-animate
1638,椰子類,eHowNet-animate
1639,椰肉,eHowNet-animate
1640,楊桃,eHowNet-animate
1641,萇,eHowNet-animate
1642,榴槤,eHowNet-animate
1643,橄欖,eHowNet-animate
1644,欖,eHowNet-animate
1645,青果,eHowNet-animate
1646,檸檬,eHowNet-animate
1647,萊姆,eHowNet-animate
1648,櫻桃,eHowNet-animate
1649,波羅蜜,eHowNet-animate
1650,菠蘿蜜,eHowNet-animate
1651,無花果,eHowNet-animate
1652,瓜皮,eHowNet-animate
1653,瓜,eHowNet-animate
1654,百香果,eHowNet-animate
1655,芒果,eHowNet-animate
1656,番石榴,eHowNet-animate
1657,芭樂,eHowNet-animate
1658,玉荷包,eHowNet-animate
1659,荔枝,eHowNet-animate
1660,藍莓,eHowNet-animate
1661,黑莓,eHowNet-animate
1662,洋莓,eHowNet-animate
1663,漿果,eHowNet-animate
1664,莓,eHowNet-animate
1665,覆盆子,eHowNet-animate
1666,紫葡萄,eHowNet-animate
1667,葡萄,eHowNet-animate
1668,酸葡萄,eHowNet-animate
1669,野葡萄,eHowNet-animate
1670,金鈴,eHowNet-animate
1671,金鈴子,eHowNet-animate
1672,葡萄柚,eHowNet-animate
1673,蓮霧,eHowNet-animate
1674,林檎,eHowNet-animate
1675,柰,eHowNet-animate
1676,沙果,eHowNet-animate
1677,蘋果,eHowNet-animate
1678,青蘋果,eHowNet-animate
1679,釋迦,eHowNet-animate
1680,釋迦果,eHowNet-animate
1681,芭蕉,eHowNet-animate
1682,香蕉,eHowNet-animate
1683,香蕉皮,eHowNet-animate
1684,波羅,eHowNet-animate
1685,菠蘿,eHowNet-animate
1686,鳳梨,eHowNet-animate
1687,桂圓,eHowNet-animate
1688,驪珠,eHowNet-animate
1689,龍眼,eHowNet-animate
1690,枸橘,eHowNet-animate
1691,柑,eHowNet-animate
1692,柑桔,eHowNet-animate
1693,桔,eHowNet-animate
1694,桔子,eHowNet-animate
1695,桶柑,eHowNet-animate
1696,椪柑,eHowNet-animate
1697,橘,eHowNet-animate
1698,橘子,eHowNet-animate
1699,海梨,eHowNet-animate
1700,甜柑,eHowNet-animate
1701,蜜柑,eHowNet-animate
1702,陳皮,eHowNet-animate
1703,仙桃,eHowNet-animate
1704,蟠桃,eHowNet-animate
1705,瓜瓤,eHowNet-animate
1706,瓜肉,eHowNet-animate
1707,瓤,eHowNet-animate
1708,哈密瓜,eHowNet-animate
1709,哈蜜瓜,eHowNet-animate
1710,洋香瓜,eHowNet-animate
1711,甜瓜,eHowNet-animate
1712,香瓜,eHowNet-animate
1713,無籽西瓜,eHowNet-animate
1714,西瓜,eHowNet-animate
1715,西瓜皮,eHowNet-animate
1716,馬鈴瓜,eHowNet-animate
1717,情人果,eHowNet-animate
1718,芒果青,eHowNet-animate
1719,小紅莓,eHowNet-animate
1720,蔓越莓,eHowNet-animate
1721,草莓,eHowNet-animate
1722,乾菜,eHowNet-animate
1723,佛手瓜,eHowNet-animate
1724,山蔬,eHowNet-animate
1725,水芹,eHowNet-animate
1726,油菜,eHowNet-animate
1727,甜椒,eHowNet-animate
1728,荼,eHowNet-animate
1729,莧菜,eHowNet-animate
1730,醃菜,eHowNet-animate
1731,野菜,eHowNet-animate
1732,鹹菜,eHowNet-animate
1733,龍鬚菜,eHowNet-animate
1736,葉菜類,eHowNet-animate
1737,蔬,eHowNet-animate
1738,蔬菜,eHowNet-animate
1739,青菜,eHowNet-animate
1740,北瓜,eHowNet-animate
1741,南瓜,eHowNet-animate
1742,金瓜,eHowNet-animate
1743,山藥,eHowNet-animate
1744,山藥蛋,eHowNet-animate
1745,洋蔥,eHowNet-animate
1746,牛蒡,eHowNet-animate
1747,包心白菜,eHowNet-animate
1748,包心菜,eHowNet-animate
1749,大白菜,eHowNet-animate
1750,小白菜,eHowNet-animate
1751,捲心菜,eHowNet-animate
1752,椰菜,eHowNet-animate
1753,甘籃菜,eHowNet-animate
1754,甘藍,eHowNet-animate
1755,甘藍菜,eHowNet-animate
1756,白菜,eHowNet-animate
1757,菘,eHowNet-animate
1758,高麗菜,eHowNet-animate
1759,紅椒,eHowNet-animate
1760,青椒,eHowNet-animate
1761,甜菜,eHowNet-animate
1762,糖蘿蔔,eHowNet-animate
1763,空心菜,eHowNet-animate
1764,蕹菜,eHowNet-animate
1765,絲瓜,eHowNet-animate
1766,菜瓜,eHowNet-animate
1767,胡瓜,eHowNet-animate
1768,花瓜,eHowNet-animate
1769,黃瓜,eHowNet-animate
1770,榨菜,eHowNet-animate
1771,芥,eHowNet-animate
1772,芥菜,eHowNet-animate
1773,芥藍菜,eHowNet-animate
1774,長年菜,eHowNet-animate
1775,雪裡紅,eHowNet-animate
1776,花椰菜,eHowNet-animate
1777,菜花,eHowNet-animate
1778,毒芹,eHowNet-animate
1779,芹,eHowNet-animate
1780,芹菜,eHowNet-animate
1781,西芹,eHowNet-animate
1782,香芹,eHowNet-animate
1783,癩瓜,eHowNet-animate
1784,苦瓜,eHowNet-animate
1785,茄,eHowNet-animate
1786,茄子,eHowNet-animate
1787,菠菜,eHowNet-animate
1788,大陸妹,eHowNet-animate
1789,生菜,eHowNet-animate
1790,苣,eHowNet-animate
1791,萵苣,eHowNet-animate
1792,冬瓜,eHowNet-animate
1793,匏,eHowNet-animate
1794,扁蒲,eHowNet-animate
1795,瓞,eHowNet-animate
1796,瓠瓜,eHowNet-animate
1797,葫蘆,eHowNet-animate
1798,大蒜,eHowNet-animate
1799,蒜,eHowNet-animate
1800,蒜泥,eHowNet-animate
1801,蒜瓣,eHowNet-animate
1802,蒜苗,eHowNet-animate
1803,蒜茸,eHowNet-animate
1804,蒜頭,eHowNet-animate
1805,青蒜,eHowNet-animate
1806,蔥,eHowNet-animate
1807,蔥段,eHowNet-animate
1808,蔥白,eHowNet-animate
1809,蔥花,eHowNet-animate
1810,蔥蒜,eHowNet-animate
1811,蔥頭,eHowNet-animate
1812,番茄,eHowNet-animate
1813,蕃茄,eHowNet-animate
1814,蕃茄片,eHowNet-animate
1815,大頭菜,eHowNet-animate
1816,菜心,eHowNet-animate
1817,蕪菁,eHowNet-animate
1818,生薑,eHowNet-animate
1819,紫薑,eHowNet-animate
1820,薑,eHowNet-animate
1821,薑末,eHowNet-animate
1822,薑片,eHowNet-animate
1823,白蘆筍,eHowNet-animate
1824,籚筍,eHowNet-animate
1825,蘆筍,eHowNet-animate
1826,蘺,eHowNet-animate
1827,白蘿蔔,eHowNet-animate
1828,胡蘿蔔素,eHowNet-animate
1829,蘿蔔乾,eHowNet-animate
1830,菜頭,eHowNet-animate
1831,萊菔,eHowNet-animate
1832,蘿菠,eHowNet-animate
1833,蘿蔔,eHowNet-animate
1834,芽菜,eHowNet-animate
1835,豆芽,eHowNet-animate
1836,豆芽菜,eHowNet-animate
1837,椒,eHowNet-animate
1838,番椒,eHowNet-animate
1839,辣子,eHowNet-animate
1840,辣椒,eHowNet-animate
1841,薤,eHowNet-animate
1842,韭,eHowNet-animate
1843,韭菜,eHowNet-animate
1844,韭黃,eHowNet-animate
1845,九層塔,eHowNet-animate
1846,芫,eHowNet-animate
1847,芫荽,eHowNet-animate
1848,香菜,eHowNet-animate
1849,洋山芋,eHowNet-animate
1850,洋芋,eHowNet-animate
1851,洋芋片,eHowNet-animate
1852,薯,eHowNet-animate
1853,薯條,eHowNet-animate
1854,馬鈴薯,eHowNet-animate
1855,髮菜,eHowNet-animate
1856,紅蘿蔔,eHowNet-animate
1857,胡夢卜,eHowNet-animate
1858,胡蘿蔔,eHowNet-animate
1859,穗,eHowNet-animate
1860,綿織,eHowNet-animate
1861,五榖,eHowNet-animate
1862,五穀,eHowNet-animate
1863,作物,eHowNet-animate
1864,庄稼,eHowNet-animate
1865,禾,eHowNet-animate
1866,禾黍,eHowNet-animate
1867,穀物,eHowNet-animate
1868,穀草,eHowNet-animate
1869,糧作,eHowNet-animate
1870,莊稼,eHowNet-animate
1871,農作物,eHowNet-animate
1872,禾苗,eHowNet-animate
1873,秧,eHowNet-animate
1874,秧苗,eHowNet-animate
1875,穀苗,eHowNet-animate
1876,敗絮,eHowNet-animate
1877,棉球,eHowNet-animate
1878,棉,eHowNet-animate
1879,棉絮,eHowNet-animate
1880,棉花,eHowNet-animate
1881,草棉,eHowNet-animate
1882,包穀,eHowNet-animate
1883,棒子,eHowNet-animate
1884,玉米,eHowNet-animate
1885,玉茭,eHowNet-animate
1886,玉蜀黍,eHowNet-animate
1887,珍珠米,eHowNet-animate
1888,秫,eHowNet-animate
1889,甘蔗,eHowNet-animate
1890,蔗,eHowNet-animate
1891,蔗作,eHowNet-animate
1892,長年蔗,eHowNet-animate
1893,新米,eHowNet-animate
1894,早稻,eHowNet-animate
1895,晚稻,eHowNet-animate
1896,水稻,eHowNet-animate
1897,生飯,eHowNet-animate
1898,白米,eHowNet-animate
1899,禾菽,eHowNet-animate
1900,稻浪,eHowNet-animate
1901,穀皮,eHowNet-animate
1902,米粒,eHowNet-animate
1903,粗糠,eHowNet-animate
1904,粞,eHowNet-animate
1905,紅麴,eHowNet-animate
1906,老米,eHowNet-animate
1907,蓬萊米,eHowNet-animate
1908,鎘米,eHowNet-animate
1909,陸稻,eHowNet-animate
1910,雙作稻,eHowNet-animate
1911,餼,eHowNet-animate
1912,大米,eHowNet-animate
1913,禾稻,eHowNet-animate
1914,稻,eHowNet-animate
1915,稻作,eHowNet-animate
1916,稻子,eHowNet-animate
1917,稻株,eHowNet-animate
1918,稻榖,eHowNet-animate
1919,稻穀,eHowNet-animate
1920,稻米,eHowNet-animate
1921,米,eHowNet-animate
1922,米糧,eHowNet-animate
1923,茭米,eHowNet-animate
1924,菰米,eHowNet-animate
1925,食米,eHowNet-animate
1926,胡麻,eHowNet-animate
1927,芝麻,eHowNet-animate
1928,土豆,eHowNet-animate
1929,花生,eHowNet-animate
1930,花生仁,eHowNet-animate
1931,花生米,eHowNet-animate
1932,落花生,eHowNet-animate
1933,長生果,eHowNet-animate
1934,薏仁,eHowNet-animate
1935,咖啡豆,eHowNet-animate
1936,料豆,eHowNet-animate
1937,紅豆,eHowNet-animate
1938,綠豆,eHowNet-animate
1939,菽麥,eHowNet-animate
1940,鐵蠶豆,eHowNet-animate
1941,四季豆,eHowNet-animate
1942,敏豆,eHowNet-animate
1943,碗豆,eHowNet-animate
1944,筋豆,eHowNet-animate
1945,羅漢豆,eHowNet-animate
1946,胡豆,eHowNet-animate
1947,芽豆,eHowNet-animate
1948,荳,eHowNet-animate
1949,菜豆,eHowNet-animate
1950,菽,eHowNet-animate
1951,蓽,eHowNet-animate
1952,蜿豌豆,eHowNet-animate
1953,蠶豆,eHowNet-animate
1954,豆,eHowNet-animate
1955,豆子,eHowNet-animate
1956,豆豆,eHowNet-animate
1957,豆類,eHowNet-animate
1958,豌豆,eHowNet-animate
1959,高粱,eHowNet-animate
1960,野麥,eHowNet-animate
1961,麥浪,eHowNet-animate
1962,麥粉,eHowNet-animate
1963,麥芒,eHowNet-animate
1964,麥苗,eHowNet-animate
1965,麩,eHowNet-animate
1966,黑麥,eHowNet-animate
1967,大麥,eHowNet-animate
1968,小麥,eHowNet-animate
1969,燕麥,eHowNet-animate
1970,蕎麥,eHowNet-animate
1971,裸麥,eHowNet-animate
1972,青稞,eHowNet-animate
1973,麥,eHowNet-animate
1974,麥子,eHowNet-animate
1975,亞麻,eHowNet-animate
1976,瓊麻,eHowNet-animate
1977,痲類,eHowNet-animate
1978,白麻,eHowNet-animate
1979,苧,eHowNet-animate
1980,苧麻,eHowNet-animate
1981,菎麻,eHowNet-animate
1982,蕁麻,eHowNet-animate
1983,麻,eHowNet-animate
1984,麻類,eHowNet-animate
1985,黃麻,eHowNet-animate
1986,小米,eHowNet-animate
1987,稷,eHowNet-animate
1988,粟,eHowNet-animate
1989,粟米,eHowNet-animate
1990,粟類,eHowNet-animate
1991,芑,eHowNet-animate
1992,黃米,eHowNet-animate
1993,黃粱,eHowNet-animate
1994,黍,eHowNet-animate
1995,黍子,eHowNet-animate
1996,黍米,eHowNet-animate
1997,原棉,eHowNet-animate
1998,皮棉,eHowNet-animate
1999,棉製,eHowNet-animate
2000,棉質,eHowNet-animate
2001,純棉,eHowNet-animate
2002,純綿,eHowNet-animate
2003,脫脂棉,eHowNet-animate
2004,藥棉,eHowNet-animate
2005,在來米,eHowNet-animate
2006,年糕米,eHowNet-animate
2007,稻穗,eHowNet-animate
2008,稻胚,eHowNet-animate
2009,稻草,eHowNet-animate
2010,芻,eHowNet-animate
2011,稻秧,eHowNet-animate
2012,稻苗,eHowNet-animate
2013,穀,eHowNet-animate
2014,穀子,eHowNet-animate
2015,穀粒,eHowNet-animate
2016,穀類,eHowNet-animate
2017,粗米,eHowNet-animate
2018,糙米,eHowNet-animate
2019,糲,eHowNet-animate
2020,胚芽米,eHowNet-animate
2021,稃,eHowNet-animate
2022,米殼,eHowNet-animate
2023,米糠,eHowNet-animate
2024,糟糠,eHowNet-animate
2025,糠,eHowNet-animate
2026,糠秕,eHowNet-animate
2027,江米,eHowNet-animate
2028,糯,eHowNet-animate
2029,糯稻,eHowNet-animate
2030,糯米,eHowNet-animate
2031,豇,eHowNet-animate
2032,豇豆,eHowNet-animate
2033,烏豆,eHowNet-animate
2034,黑豆,eHowNet-animate
2035,大豆,eHowNet-animate
2036,毛豆,eHowNet-animate
2037,黃豆,eHowNet-animate
2038,燕麥片,eHowNet-animate
2039,麥片,eHowNet-animate
2040,麵粉,eHowNet-animate
2041,芋,eHowNet-animate
2042,芋泥,eHowNet-animate
2043,芋頭,eHowNet-animate
2044,野芋,eHowNet-animate
2045,根,eHowNet-animate
2046,根兒,eHowNet-animate
2047,根柢,eHowNet-animate
2048,根苗,eHowNet-animate
2049,主根,eHowNet-animate
2050,假根,eHowNet-animate
2051,塊根,eHowNet-animate
2052,山葵,eHowNet-animate
2053,根冠,eHowNet-animate
2054,氣根,eHowNet-animate
2055,球根,eHowNet-animate
2056,甘草,eHowNet-animate
2057,甘草粉,eHowNet-animate
2058,芥菜頭,eHowNet-animate
2059,草根,eHowNet-animate
2060,附子,eHowNet-animate
2061,地黃,eHowNet-animate
2062,蔘,eHowNet-animate
2063,柢,eHowNet-animate
2064,樹根,eHowNet-animate
2065,樹根頭,eHowNet-animate
2066,根芽,eHowNet-animate
2067,胚根,eHowNet-animate
2068,木薯,eHowNet-animate
2069,樹薯,eHowNet-animate
2070,菜根,eHowNet-animate
2071,地瓜,eHowNet-animate
2072,山竽,eHowNet-animate
2073,山芋,eHowNet-animate
2074,甘薯,eHowNet-animate
2075,甘藷,eHowNet-animate
2076,甜薯,eHowNet-animate
2077,番薯,eHowNet-animate
2078,白薯,eHowNet-animate
2079,紅薯,eHowNet-animate
2080,苕,eHowNet-animate
2081,蕃薯,eHowNet-animate
2082,蓮藕,eHowNet-animate
2083,藕,eHowNet-animate
2084,藕節,eHowNet-animate
2085,藕粉,eHowNet-animate
2086,藕絲,eHowNet-animate
2087,地瓜粉,eHowNet-animate
2088,蕃薯粉,eHowNet-animate
