Word,Valence_Mean
黔驢技窮,2
下飯,8
大,7
下飯,6.8
推推,7
中等,5
一般,4.8
柴,4.2
雷,2.8
焦,3
高,4
快,6
低,2.5
普,4.5
飽,5.5
物美價廉,7
津津有味,7
入味,6.8
巧思,6.6
回甘,5.8
鮮甜,6.8
平價,6.5
解膩,6.1
眾多,5.7
多樣,5.7
好喝,6.4
足,5.6
一絕,7.9
酥,6
脆,6
酥脆,6
鬆軟,5.9
軟爛,5
軟,5.9
甜,6
硬,2.9
乾,2.9
重,3.4
濃,5.4
可以,6
剛好,6.5
對味,6.4
濃郁,5.4
濃厚,5.4
還好,5.5
Q,6.7
ok,6
辣,5
技窮,2.6
淡,5
油,3.2
香,6
滿滿,6
酸甜,4
鹹,3
親切,7.0
好,6.8
差,3.4
佳,6.4
少,1
夠,5
多,4
棒,6.8
不錯,5
很少,1
很夠,5
很多,4
很棒,6.8
很不錯,5
很淡,5
很油,3.2
很酸甜,4
很鹹,3
很香,6
很親切,7.0
很好,6.8
不可思議,5.4
不平,3.6
不甘,3.2
不安,3.8
不利,3.6
不足,4.2
不定,4.2
不宜,3.8
不幸,2.6
不拘小節,6.4
不服,3.4
不知所措,3.2
不便,4.0
不耐,4.0
不耐煩,3.6
不准,3.6
不屑,3.0
不悅,3.2
不爽,2.8
不祥,2.8
不符,3.8
不順,3.6
不當,3.4
不解,4.2
不滿,3.2
不適,3.6
正,6.6
多餘,4.0
否定,3.4
否認,3.6
足夠,5.8
肯定,6.8
哇,6.0
哎呀,4.8
恰好,6.4
耶,7.2
單獨,4.4
無力,3.2
無足輕重,4.4
無情,2.6
無理,2.6
無暇,3.6
無趣,3.4
無禮,2.8
想,5.2
過分,2.8
對,6.4
認真,7.0
嘻,6.6
嘻嘻,7.0
隨便,4.2
隨意,5.6
豐富,6.8
願意,6.8
小心,4.6
分享,6.8
支持,7.2
支撐,5.6
付出,5.8
失去,3.2
失敗,2.2
打,3.2
同意,6.4
成功,8.2
死,1.2
吸引,6.0
希望,7.0
忘記,4.0
協助,6.6
抱,5.8
玩,5.6
信任,7.8
相信,7.2
討厭,2.6
貢獻,7.4
逃避,3.0
喜愛,7.2
喜歡,7.0
喪失,2.6
期望,6.0
答應,5.8
幹,1.0
愛,8.2
愛好,7.0
感謝,7.4
損失,3.2
經歷,5.0
遇到,5.0
遊戲,5.8
鼓勵,7.0
適合,5.6
擔心,3.4
輸,3.0
錯過,3.6
幫忙,6.4
幫助,6.6
應付,4.2
謝謝,6.6
懷念,6.0
關心,6.4
關懷,6.8
贏,7.2
贏得,7.4
下流,2.2
王八蛋,1.4
他媽的,1.4
白目,2.2
白癡,2.2
呸,2.4
垃圾,2.2
怪胎,2.4
放屁,2.6
狗屁,2.4
淫婦,1.8
混蛋,2.0
笨蛋,3.0
媽的,2.2
愚蠢,2.8
該死,2.6
賤,2.2
賤人,2.0
賤貨,1.8
操,2.0
蕩婦,1.8
蹩腳,3.6
壞蛋,3.0
爛貨,2.2
白痴,2.4
八卦,3.4
仇人,2.2
仇恨,2.2
仇敵,2.0
分擔,5.6
友,6.4
反駁,3.8
打岔,3.8
打架,2.6
打斷,4.0
交往,6.4
同情,5.4
安心,5.6
伴侶,7.0
忌妒,3.0
批評,3.2
抗議,3.2
取笑,3.6
坦白,6.0
奉承,3.6
奉獻,6.8
抱怨,2.8
拒絕,3.0
放心,6.2
朋友,6.8
爭吵,3.4
爭論,3.8
知己,7.2
侮辱,2.4
信服,6.4
信賴,7.2
冒犯,3.2
怨恨,2.0
指責,3.4
原諒,5.8
辱罵,2.4
鬥爭,3.0
情人,6.8
甜心,6.8
責備,3.4
逗弄,5.4
插嘴,3.6
款待,6.2
詛咒,2.2
開玩笑,6.2
閒話,4.0
愛人,7.2
愛戀,7.6
隔離,3.4
嘉獎,6.8
稱讚,6.8
說服,5.0
說長道短,3.2
駁斥,2.8
嘲弄,2.6
嘲笑,2.6
嘲罵,2.6
嘲諷,2.6
寬恕,6.2
慶典,6.6
慶祝,7.0
憐憫,5.8
摯友,7.4
敵人,3.0
樂意,6.8
熱愛,7.2
調情,5.4
諂媚,3.4
親愛,7.4
親愛的,7.2
幫手,6.4
戲弄,3.4
鍾愛,7.0
歸咎,3.2
離婚,2.4
懷疑,3.8
譏,3.2
寶貝,7.4
饒恕,5.6
譴責,3.0
歡迎,7.2
歡送,6.0
歡聚,7.2
戀人,7.0
戀愛,7.6
讚美,7.0
讚揚,7.6
讚譽,7.6
ㄏㄏ,5.8
一無所有,2.4
七竅生煙,2.2
了不起,7.0
人心惶惶,2.6
上級,4.8
上當,3.2
下定決心,6.2
口吃,3.8
大方,6.4
大笑,6.4
大膽,5.4
小氣,3.6
小偷,3.2
才能,6.6
才智,7.0
不仁,3.0
不貞,2.8
不顧一切,4.6
中斷,4.6
仁心,7.4
仁術,7.4
仁愛,7.8
仁慈,7.8
仁義,7.4
仇,2.4
仇殺,1.4
仇視,2.0
元兇,2.2
內疚,3.0
公憤,2.4
凶,2.8
分心,4.0
分手,2.8
分歧,3.2
分紅,6.2
分散,4.4
分裂,3.6
勾引,3.8
厄運,3.0
及時,6.4
反抗,3.6
反叛,2.8
反派,3.2
反感,3.6
反對,3.4
天才,6.8
天堂,7.0
天資,5.8
天賦,6.0
幻想,4.6
引人注目,5.8
引誘,3.8
心灰意冷,2.8
心神不定,3.2
心神不寧,3.2
心情,5.0
心痛,2.6
心愛,7.2
心煩意亂,3.0
心碎,2.2
心酸,2.8
支配,4.6
欠債,3.4
毛骨悚然,2.2
火熱,6.4
世仇,1.8
乏味,3.4
仔細,6.2
充沛,6.6
出色,7.2
功勞,6.8
古怪,4.2
可口,6.4
可怕,3.4
可恥,2.4
可笑,3.0
可悲,2.6
可惡,2.4
可愛,7.0
可鄙,2.4
可憎,2.4
可憐,3.6
可靠,6.8
外向,6.0
外行,3.8
外傷,3.6
失眠,3.0
失控,2.4
失望,3.0
失誤,3.6
平安,7.2
平和,7.0
平庸,4.6
平靜,6.4
平穩,5.8
打仗,3.0
打倒,3.4
打破,4.0
打情罵俏,4.6
打敗,6.2
打擊,4.2
打擾,3.6
打攪,3.6
末日,1.8
正面,6.6
生命力,6.8
生氣,5.4
生氣勃勃,7.0
生病,3.4
生動,6.4
生疏,3.8
生厭,3.4
用力,5.0
目瞪口呆,5.0
矛盾,4.2
丟人,2.8
丟人現眼,2.4
丟下,2.8
丟棄,3.0
丟臉,3.0
交戰,4.0
任性,3.4
兇,3.4
光亮,5.8
光榮,6.8
光輝,6.6
劣,3.0
危,3.2
吃醋,3.6
吃驚,3.8
合宜,6.2
回春,6.2
多情,4.2
多疑,3.8
好玩,6.2
好笑,6.2
好處,6.2
好棒,7.2
好運,6.6
妄想,3.2
安全,6.4
安逸,6.0
安寧,6.2
安靜,5.6
安穩,6.0
成見,3.8
成就,7.0
收穫,6.8
曲解,3.4
有力,6.0
有用,6.4
有利,5.8
有助,6.4
有害,3.4
有效,6.6
有益,6.6
有趣,7.0
有錢,6.4
次要,4.6
次等,4.0
死人,2.2
死亡,2.2
死不,3.8
死心,2.4
死刑,2.4
死氣,3.0
死期,2.8
死當,3.0
死路,3.2
死對頭,2.6
污穢,2.4
灰心,3.6
百感交集,3.4
自大,3.0
自甘墮落,2.6
自由,6.6
自在,6.8
自私,3.2
自卑,2.6
自信,7.0
自負,4.6
自責,3.6
自尊,5.4
自豪,6.6
自鳴得意,4.2
自暴自棄,2.0
至高無上,7.6
至善,7.6
色情,2.8
伶俐,6.8
低沉,4.6
低能,2.6
低能兒,2.6
低迷,3.6
低落,3.8
佔便宜,3.6
作嘔,2.6
作弊,2.0
克制,5.0
免費,6.2
冷,3.6
冷淡,3.0
冷酷,2.4
冷靜,5.2
利己,5.6
利益,6.2
利潤,6.6
吝嗇,3.4
含糊,3.8
吹毛求疵,3.2
吻,7.2
呆,3.8
困,3.8
坎坷,2.0
壯闊,6.8
壯麗,7.0
壯觀,7.0
妓女,2.8
妨害,2.6
妨礙,3.2
孝,7.2
孝順,7.4
孝敬,7.4
完美,7.6
完備,6.8
完善,6.8
宏大,7.0
宏偉,7.2
屁眼,1.8
岔開,4.0
巫婆,3.6
庇護,6.2
弄痛,3.0
弄壞,3.2
忍,3.8
忐忑,3.8
忘恩負義,1.8
快樂,7.2
扭曲,3.6
扶持,6.0
批判,2.6
把握,5.8
抑制,4.8
抑鬱,2.4
投入,6.0
抗爭,3.4
折磨,2.4
改善,6.6
改進,6.2
攻勢,5.2
攻擊,3.6
決心,6.4
決定,6.0
沉重,3.2
沉迷,3.0
沉著,6.4
災,2.0
牢騷,3.4
狂怒,1.6
狂笑,8.2
狂喜,8.6
狂暴,1.8
狂熱,4.6
狂躁,2.2
私生子,3.2
肝腸寸斷,1.6
良,6.4
走運,7.0
辛酸,2.8
邪惡,2.4
享受,6.6
使勁,4.6
依戀,5.6
典範,7.2
刺眼,3.2
刺痛,2.8
刺傷,2.8
刺激,4.2
刻薄,2.8
卑劣,2.0
卑鄙,1.8
受不了,3.0
受苦,3.0
受虐,1.8
受害,1.8
受惠,7.0
受傷,2.8
受罪,2.8
受騙,3.0
周到,6.6
呵呵,6.0
呼天搶地,1.8
命運,4.8
咆嘯,3.6
和平,6.4
和善,7.0
和煦,6.8
和睦,6.6
和諧,7.2
和藹,7.4
咒罵,2.4
固執,3.4
坦率,6.6
坦誠,7.0
奇怪,4.2
奇特,5.4
孤,3.4
宜人,6.4
幸運,7.2
幸福,7.8
忠,7.0
忠心,7.4
忠孝,7.4
忠誠,7.2
忠實,7.0
忽略,4.0
忽視,3.2
怕,3.2
怕生,4.0
怕羞,4.2
怡人,6.0
性情,5.2
性騷擾,2.6
怪,3.4
怪異,3.6
怪誕,3.4
承擔,5.2
承諾,6.6
抨擊,2.8
抱歉,4.0
抵制,3.2
拉緊,5.2
拋棄,2.6
拙劣,2.6
放任,3.0
放棄,2.6
放肆,2.4
放縱,2.8
放鬆,6.2
昂貴,3.8
明亮,6.6
明智,7.2
昏沉,3.2
昏亂,3.4
昏頭,3.4
易怒,3.2
服從,5.4
枉然,3.4
果斷,6.0
欣欣,6.4
欣喜,7.0
欣然,6.4
欣慰,6.2
欣賞,6.8
歧視,2.8
沮喪,2.8
治療,5.4
沾沾自喜,4.6
泣,3.4
玩耍,6.2
玩笑,5.6
玩樂,6.2
知足,6.6
知識,6.6
空洞,4.0
空虛,3.0
花招,4.0
長處,6.8
非人,3.4
非禮,2.2
非難,3.2
侵犯,2.4
侵佔,2.6
侵害,2.4
侵略,2.4
侵擾,3.0
侵襲,2.6
侷促,4.0
俊美,6.6
俗,3.8
俗氣,3.8
保衛,5.8
保證,6.6
保護,6.8
信心,7.4
信奉,6.6
信義,7.0
信實,6.6
信譽,7.0
冒險,4.8
冠軍,8.0
勇氣,7.6
勇敢,7.4
勉強,3.8
叛亂,2.4
咬牙切齒,2.2
咯咯笑,6.4
哀求,2.8
哀怨,2.8
哀淒,2.6
哀痛,2.4
哀傷,2.4
哀愁,2.4
哀號,2.0
哀慟,1.8
品行,5.4
品德,5.2
哄騙,3.4
哈,5.8
哈哈,6.6
威脅,3.0
威嚴,5.4
帥,6.6
帥氣,7.0
幽默,7.0
後悔,3.2
怒,2.4
怒不,3.8
怒火,2.4
怒斥,2.0
怒目,2.6
怒色,2.8
怒吼,2.0
怒氣,2.4
怒視,2.4
怒罵,1.8
思,4.4
思念,4.4
思鄉,3.8
恍惚,3.8
恨,2.4
恬,5.4
恰當,6.0
拮据,3.2
拯救,6.4
拷打,2.6
拷問,2.8
拼命,5.2
挑剔,3.8
挑戰,6.2
挑釁,3.2
挖苦,3.4
柔,5.2
柔軟,5.8
柔順,5.8
柔腸寸斷,1.8
歪曲,3.6
毒,2.8
洩氣,3.6
活力,6.6
活潑,6.8
活躍,6.4
流行,5.6
流淚,3.2
炫耀,3.8
為難,3.4
狠心,2.4
珍奇,6.8
珍惜,7.0
珍視,7.0
珍貴,7.0
珍愛,7.2
珍藏,6.6
盼望,6.2
看不起,3.2
約束,4.6
美人,6.0
美好,6.8
美妙,7.0
美味,6.8
美夢,6.8
美滿,7.4
美德,7.4
美麗,7.2
背叛,2.0
胡扯,3.0
致命,2.0
苛求,3.0
若無其事,4.0
苦,3.2
苦惱,3.2
英俊,6.6
英勇,7.0
英雄,7.6
虐待,2.2
負心,2.4
負債,3.2
負擔,3.6
迫害,2.2
重大,4.8
重擔,3.8
陌生,4.0
降級,3.6
面臨,4.8
風險,3.8
首要,5.2
首創,5.4
倒楣,3.2
倒霉,3.2
倔強,4.2
值得,6.4
值錢,6.2
凌亂,3.4
剝奪,3.0
哭泣,2.8
哭喊,2.8
哭訴,2.8
哭鬧,2.8
哽咽,3.0
唐突,3.6
奚落,3.2
娛樂,6.4
害怕,3.2
害羞,4.2
容光煥發,7.2
容忍,3.6
差勁,3.4
弱,3.8
弱點,3.8
徒勞無功,3.4
恐怖,3.0
恐慌,3.0
恐嚇,2.4
恐懼,2.6
恩典,6.8
恩惠,6.4
恭維,5.0
悔之,4.2
悔改,4.0
悔恨,2.8
悔悟,3.2
悔意,3.0
悔過,2.8
挫折,3.0
挫敗,3.0
振奮,7.2
捐贈,6.4
效率,6.2
時髦,6.4
書呆子,3.6
栩栩如生,6.8
氣急敗壞,2.4
氣憤,2.4
氣餒,2.8
浪漫,6.6
消沉,3.4
消極,3.2
消滅,3.6
狹小,3.8
狹隘,3.8
疲乏,3.0
疲於奔命,2.4
疲倦,3.0
疲弱,3.0
疲累,3.0
疲勞,3.0
疲憊,3.0
疼痛,3.4
疼愛,7.0
益處,6.6
真心,7.0
真相,6.4
真理,6.4
真誠,7.0
真實,6.0
破滅,3.0
破壞,2.8
祝賀,7.0
祝福,6.6
神經病,2.8
神經質,3.2
神聖,7.2
笑,6.8
笑死,5.4
笑容,7.2
笑話,5.8
紛爭,3.0
缺少,3.6
缺乏,3.4
缺失,3.6
缺陷,3.0
缺德,2.8
缺憾,2.6
缺點,3.6
能幹,6.8
脅迫,2.6
脆弱,3.4
臭,3.8
臭味,3.8
臭氣,3.6
茫然,3.4
草率,3.4
荒唐,2.8
荒謬,2.6
虔誠,6.6
衰,3.6
衰老,3.4
衰弱,3.2
衰退,3.2
衰敗,3.0
衰微,3.2
衷心,6.6
討喜,6.8
迴避,3.6
迷人,6.8
迷失,3.4
迷惘,3.4
迷惑,3.4
迷亂,3.2
迷路,4.2
迷戀,4.4
逃離,4.0
逆向,4.0
高貴,6.6
高階,5.8
高雅,7.0
高傲,3.2
高興,7.0
假裝,4.2
偉大,7.2
偏心,3.2
偏好,5.2
偏見,3.4
偏執,3.6
偏愛,5.0
偷,2.4
偷取,2.4
偷竊,2.4
偽造,2.6
動人,6.8
動聽,7.0
啜泣,3.0
執拗,3.6
堅決,5.4
堅定,6.2
堅強,6.8
娼妓,2.8
寂寞,3.2
寂寥,3.2
崇拜,6.4
崇高,7.2
強,6.4
強力,6.2
強壯,6.8
強姦,1.4
強迫,2.8
強烈,4.8
強健,6.6
強硬,4.8
強暴犯,1.4
得意,5.8
得意洋洋,4.6
得罪,3.2
得體,6.2
徘徊,4.6
從容,5.8
悠閒,6.4
患病,2.8
情緒,4.6
惋惜,3.0
掃興,3.2
排斥,3.2
掙扎,3.2
掛念,4.8
掛慮,4.8
控制,4.2
推崇,6.4
敏捷,6.2
敏感,4.6
敏銳,6.4
救,5.0
敗壞,2.6
欲絕,2.0
殺,1.6
殺死,1.4
淘氣,5.6
淚流滿面,2.0
淚珠,3.6
淡漠,4.0
淨土,5.4
深思,5.2
深情,7.2
深愛,8.0
混帳,1.6
混亂,3.0
淹沒,3.6
清白,6.2
清楚,5.6
爽,7.2
爽心,7.2
爽快,7.4
爽約,3.2
爽朗,6.8
牽掛,4.4
猛烈,4.6
猜疑,3.2
理智,6.2
理想,6.8
甜言,6.4
甜美,6.6
甜密,7.0
甜甜,6.4
甜蜜,6.8
甜頭,5.8
疏忽,3.4
疏漏,3.4
盛怒,1.8
眼花撩亂,4.4
眼花繚亂,4.4
眼淚,3.4
眾怒,2.0
窒息,2.2
窒礙,2.6
笨,3.4
笨手笨腳,3.2
笨拙,3.2
粗心,3.8
粗俗,3.0
粗野,3.0
粗暴,2.2
粗魯,3.4
累,3.6
細心,5.2
統治,5.2
羞怯,3.6
羞恥,2.6
羞辱,2.0
羞愧,2.8
羞憤,2.2
莊嚴,5.8
處罰,3.4
設防,5.0
許諾,5.8
貧困,3.2
貧苦,2.8
貧病,2.8
貧窮,2.8
貧賤,2.4
貪,3.2
貪心,3.0
貪生,3.0
貪汙,1.8
貪求,3.2
貪念,3.6
貪婪,2.8
貪圖,3.0
貪慾,3.6
軟弱,3.6
逗趣,6.4
逝世,2.4
造反,2.2
野蠻,3.0
陰沉,3.2
陰森,3.2
陰暗,3.6
陳腐,2.8
陶醉,6.4
麻木,4.0
麻煩,3.6
凱旋,7.2
創傷,2.8
勝利,7.8
勝過,6.2
博愛,6.8
博學,6.8
善心,6.8
善良,7.4
善意,6.8
喜上眉稍,7.4
喜出望外,7.8
喜形於色,7.4
喜怒哀樂,5.0
喜怒無常,3.4
喜宴,6.6
喜悅,7.4
喜氣,7.0
喜從天降,7.4
喜新厭舊,3.4
喜極而泣,8.2
喜劇,6.8
喜慶,7.4
喝采,7.4
喪心,3.0
喪生,1.8
喪志,2.4
喪氣,3.0
喪偶,2.6
喪盡,2.8
喪膽,2.8
喪禮,2.0
報仇,2.8
報復,2.2
富有,7.2
富裕,7.4
寒酸,3.6
尊重,6.8
尊貴,6.8
尊敬,7.0
尊榮,7.6
尊嚴,6.2
尋歡作樂,4.2
就緒,5.2
復仇,2.2
悲哀,2.6
悲苦,2.4
悲悽,2.2
悲情,3.0
悲喜,4.4
悲痛,2.6
悲傷,2.8
悲愁,2.8
悲慘,2.2
悲慟,1.8
悲劇,2.2
悲憤,2.4
悲憫,2.8
悲歡,4.8
悲觀,3.2
悶,3.8
悶悶不樂,3.6
惡人,2.8
惡化,2.8
惡劣,2.6
惡言,2.6
惡性,2.8
惡毒,2.0
惡狠狠,2.4
惡耗,2.0
惡臭,2.8
惡鬥,2.6
惡意,2.8
惡運,2.8
惡夢,3.0
惱,3.2
惶,3.4
愉,5.8
提防,4.6
散漫,3.4
景仰,6.8
智慧,7.4
最好,6.8
最佳,7.2
期盼,6.2
棘手,3.4
欺,3.2
欽佩,7.2
殘忍,2.0
殘酷,1.8
殘暴,1.6
渴求,5.0
渴望,5.6
無用,3.6
無助,3.4
無味,4.4
無奈,3.6
無知,3.6
無畏,6.6
無害,5.6
無效,4.2
無益,3.8
無能,3.0
無常,3.6
無望,2.8
無聊,3.8
無辜,4.4
無意義,4.2
無精打采,3.6
無憂無慮,7.0
無關緊要,4.6
無懼,5.8
焦急,3.0
焦慮,3.2
猶疑,4.0
猶豫,4.2
痛,3.0
痛不欲生,1.8
痛苦,2.4
痛哭流涕,1.8
發抖,3.4
發牢騷,3.6
發狂,2.6
發怒,2.4
發臭,3.2
發愁,3.0
盜,3.0
結巴,4.0
絕妙,6.8
絕望,2.2
脾氣,4.8
舒服,6.6
舒適,6.8
華麗,6.8
著迷,5.6
虛心,6.2
虛弱,3.0
虛榮,3.0
虛榮心,3.0
訴苦,3.2
詐騙,2.6
費力,3.4
跛,3.2
跛腳,3.2
鈍,3.8
開心,7.2
開明,7.0
開朗,7.2
閒散,4.6
陽光,7.2
隆重,6.6
雅緻,6.8
順利,7.0
亂,3.6
傲慢,2.8
傳情,6.4
債務,3.0
傷,3.4
傷人,3.2
傷亡,2.2
傷天害理,1.4
傷心,3.0
傷害,2.8
傷神,3.4
傷痕,3.6
傷悲,3.0
傷殘,2.8
傷痛,3.0
傷勢,3.4
傷感,3.4
傻,3.6
傻子,3.6
傻笑,4.0
勢利,3.2
嗚咽,2.6
嫉,3.0
嫌,3.0
徬徨,4.0
微笑,6.4
微醺,5.8
想念,4.8
惹惱,3.0
愁,3.4
愚笨,3.2
愛心,7.0
愛情,7.0
愛慕,6.8
愛護,7.0
感恩,7.2
感情,5.4
感傷,3.8
感激,6.8
愧,3.4
慈祥,7.0
慈善,7.0
慈悲,5.6
慌,3.2
損人,3.0
損害,2.8
損傷,2.8
損壞,2.6
搏鬥,3.2
敬畏,6.8
敬重,7.0
敬意,6.6
暖和,6.4
業障,3.0
極好,7.8
極端,4.4
極樂,6.8
毀掉,2.8
毀敗,2.8
毀棄,2.8
毀傷,2.6
毀損,2.8
毀滅,2.8
毀謗,2.6
毀壞,3.2
溫和,6.0
溫柔,6.6
溫情,6.6
溫暖,7.2
溫馨,7.4
滑稽,4.2
煩,3.4
煩人,3.4
煩心,3.2
煩忙,3.2
煩勞,3.2
煩悶,3.0
煩惱,3.0
煩亂,3.0
煩愁,2.8
煩瑣,3.6
煩擾,3.4
煩雜,3.4
煩躁,3.2
痴狂,4.0
禁止,3.4
禁忌,3.0
罪,3.0
罪人,2.8
罪大惡極,1.4
罪犯,2.6
罪名,2.6
罪行,2.4
罪惡,2.2
罪過,2.6
罪孽,2.0
羨慕,6.0
義,6.4
義憤,3.2
萬念俱灰,1.4
萬歲,7.6
落伍,3.6
落空,3.4
解決,6.2
解脫,6.2
詫異,4.2
詭計,3.4
詼諧,6.4
誇大,3.6
誠,6.8
誠心,7.0
誠實,7.2
賊,2.6
躲避,3.6
遇難,2.0
過失,3.0
過錯,3.2
違心,3.0
違犯,3.0
違抗,2.8
違法,2.4
違紀,2.6
違約,2.8
違背,3.0
違規,3.4
頑固,3.2
頑強,5.0
鼓舞,6.6
厭世,2.2
厭食,2.8
厭倦,3.2
厭惡,2.6
厭煩,3.0
嘆,4.0
嘆息,3.4
嘆氣,3.2
嫩,5.2
寧靜,6.2
對抗,4.0
對質,3.8
慘,2.8
慢,4.4
慷慨,6.8
摧毀,2.8
榮幸,6.8
榮耀,7.6
榮譽,7.6
滿足,7.4
滿意,7.2
漂亮,7.2
漫不經心,3.2
瑣事,3.8
瑣碎,3.8
疑心,3.2
疑神,3.8
疑惑,3.8
疑慮,3.6
疑點,3.8
疑難,3.8
疑懼,3.8
瘋,2.6
禍,3.2
福氣,7.0
精力,5.4
精心,6.2
精美,6.4
精疲力盡,3.0
精疲力竭,3.0
精彩,7.6
緊張,3.6
緊繃,3.8
腐朽,2.8
腐臭,3.0
腐敗,2.4
腐爛,2.6
認可,5.8
誤,3.6
誤會,3.2
誤解,3.4
說謊,2.6
豪爽,7.2
豪華,6.8
輕快,6.2
輕忽,3.8
輕視,3.2
輕蔑,2.6
輕鬆,6.0
遠離,4.4
鄙,2.8
酷刑,2.0
酷愛,8.0
酸,4.6
酸甜苦辣,4.8
銘印,5.8
骯髒,3.2
鼻酸,3.4
僵化,3.8
僵住,3.8
僵冷,3.6
僵局,3.8
僵持,3.4
僵硬,3.4
劇烈,4.6
嘮叨,3.8
噁,2.4
噁心,2.2
墮落,2.4
嫵媚,6.6
嬉笑,5.8
嬌弱,3.8
寬大,6.2
寬容,7.0
德行,6.6
慶功,7.0
慶生,6.4
慶幸,6.4
慶賀,7.0
憂心,3.6
憂患,3.2
憂勞,3.6
憂傷,3.0
憂愁,2.8
憂煩,3.0
憂慮,2.8
憂鬱,2.4
憎,2.2
憐惜,4.6
憤,2.6
摯情,7.2
摯愛,7.8
摯誠,7.6
撒謊,3.2
撫育,6.0
敵視,3.0
敵意,3.4
敵對,2.8
暴力,2.2
暴怒,1.8
暴躁,2.8
樂,6.6
樂子,6.2
樂不,5.2
樂天,6.8
樂在其中,7.0
樂此,6.4
樂而,6.2
樂得,6.2
樂善,6.4
樂園,6.4
樂極生悲,2.8
樂趣,6.4
樂觀,7.0
歎為觀止,6.6
毅然,5.8
潔淨,6.2
熱切,6.2
熱烈,6.4
熱衷,6.4
熱情,6.6
熱望,6.2
熱淚盈眶,5.0
熱鬧,6.4
獎,6.8
獎助,7.0
獎杯,7.4
獎狀,7.4
獎金,7.6
獎品,7.4
獎章,6.8
獎牌,6.8
獎賞,6.6
獎學金,7.4
獎勵,7.0
確定,6.2
確信,6.2
窮,3.6
窮困,3.0
糊塗,3.8
緩和,5.2
蔑視,2.6
衝突,3.4
衝擊,3.2
調皮,5.0
調戲,3.6
賤民,2.2
賤骨頭,1.8
質疑,3.6
輝煌,7.0
適宜,6.4
適時,6.2
適當,6.2
遭受,3.6
鋌而走險,3.0
震怒,2.4
震顫,3.2
震驚,3.6
霉運,2.8
養育,6.2
魄力,7.0
魅力,7.2
懊悔,3.4
懊惱,3.2
戰火,3.0
戰爭,3.0
戰鬥,3.0
戰勝,7.4
戰亂,3.0
擁抱,6.4
擁護,6.4
擅長,6.2
操心,3.8
操守,5.2
操勞,3.6
擔保,5.0
擔憂,3.6
整齊,6.6
整潔,6.8
機敏,7.0
機警,7.0
機靈,7.0
激怒,2.6
激動,4.8
激情,5.4
激勵,7.2
獨自,4.2
獨創,6.2
瘸,3.4
積極,6.6
罹難,1.8
膩,3.6
興旺,6.8
興致,6.2
興趣,6.6
興奮,7.4
融洽,7.4
褫奪,2.6
親,6.6
親吻,7.2
親和,7.0
親密,7.6
諷刺,3.0
諾言,6.8
謀殺,1.6
踴躍,6.8
蹂躪,2.2
輸家,3.0
輸掉,3.4
遲到,3.8
遲鈍,3.6
遲疑,3.6
遺棄,2.8
遺憾,2.6
錯,3.0
錯亂,3.0
錯誤,3.2
頭昏,3.2
默哀,2.2
優,6.8
優秀,7.6
優良,7.6
優柔寡斷,3.2
優美,6.8
優勝,7.6
優惠,6.8
優雅,6.8
優勢,6.8
優點,7.0
嚇,3.6
壓力,2.6
壓抑,2.6
壓制,3.6
壓迫,2.8
尷尬,3.8
懦,3.2
擊,4.8
擊敗,6.0
濫用,3.0
濫情,3.0
燦爛,6.6
獲勝,7.8
獲獎,7.8
瞧不起,3.2
糟,3.4
糟糕,3.2
糟蹋,2.4
繁瑣,3.8
繃緊,4.2
聰明,7.0
膽小,3.6
膽怯,3.2
膽量,5.4
膽戰心驚,2.8
艱困,3.2
艱辛,3.0
艱苦,3.0
艱深,3.4
艱鉅,3.2
艱險,3.0
艱澀,3.2
艱難,3.2
虧損,3.2
褻瀆,2.4
謝天謝地,7.4
謝意,6.2
醜,3.6
鮮明,6.4
鮮美,6.2
嚮往,6.0
簡潔,6.2
謹慎,6.4
蹧蹋,2.6
鎮定,5.4
鎮靜,5.4
鎮壓,3.0
雜亂,3.6
鬆懈,3.6
壞人,3.4
壞心,3.4
壞死,2.8
壞事,3.4
壞處,3.4
壞話,3.4
壞運,3.0
寵愛,6.8
懲罰,3.4
懶惰,3.4
懶散,3.6
懷鄉,5.0
爆發,4.2
癡迷,3.8
穩健,7.0
贊同,7.0
辭職,4.0
難吃,3.4
難堪,3.0
難過,3.0
難聞,3.6
難熬,2.6
難題,3.6
願,6.0
騙,3.4
嚴重,3.2
嚴峻,3.0
嚴格,3.8
嚴酷,2.8
嚴厲,3.8
寶貴,7.0
競爭,5.0
耀眼,6.6
觸目驚心,2.6
觸怒,2.8
觸景傷情,2.8
贏取,6.4
贏錢,6.6
騷動,4.0
騷擾,3.4
懼怕,2.6
爛,2.8
犧牲,3.6
纏身,3.6
纏訟,3.6
纏綿,6.8
蠢,3.0
護,6.0
躊躇,4.2
顧慮,4.2
歡天喜地,8.2
歡心,7.2
歡呼,7.2
歡欣,7.2
歡笑,7.4
歡喜,7.4
歡愉,6.6
歡樂,7.2
歡聲,7.2
歡歡喜喜,8.0
顫抖,3.2
驕傲,4.8
髒,3.2
攪亂,3.0
變味,3.4
變動,4.8
變質,3.4
驚,4.8
驚人,4.8
驚心,4.6
驚呆,4.4
驚奇,6.2
驚怕,3.6
驚恐,2.8
驚悚,2.8
驚異,3.8
驚訝,5.0
驚喜,7.2
驚愕,3.6
驚慌,3.2
驚嘆,5.4
驚疑,4.0
驚歎,5.0
驚險,4.0
驚駭,3.2
驚嚇,3.0
驚擾,3.4
體面,6.4
體貼,7.0
體會,6.4
體諒,6.6
靈巧,7.2
靈活,6.8
靈敏,6.6
靈感,6.2
齷齪,2.2
讚,7.6
讚不絕口,8.2
讚佩,7.8
讚嘆,7.6
讚歎,7.6
讚賞,7.8
鬱,3.0
貪污,1.8
進行,5.4
舉行,5.6
發展,6.2
參加,5.4
增加,5.8
合作,6.4
接受,5.6
成為,5.4
完成,6.4
獲得,6.2
通過,6.4
特別,5.8
瞭解,5.6
重要,6.0
建設,6.2
管理,5.4
改革,6.2
開放,6.2
成長,6.8
正式,5.4
準備,5.0
開發,5.8
說明,4.8
聯合,5.0
經營,5.8
機會,6.2
生產,5.8
專家,6.2
努力,6.8
注意,5.6
達成,6.4
負責,6.0
資源,5.4
公開,5.4
穩定,6.0
提高,5.8
能力,5.6
達到,5.8
法律,4.6
重視,5.6
協調,5.0
全面,5.0
考慮,4.6
健康,6.0
實際,5.0
全力,5.8
擁有,5.6
必要,5.0
經驗,5.6
促進,6.2
藝術,5.6
獨立,5.6
訓練,5.2
提升,6.0
衛生,5.8
明顯,5.6
知道,5.4
符合,6.0
堅持,6.2
給予,5.8
正常,5.8
權益,5.2
地位,5.4
很多,5.6
音樂,5.2
良好,6.8
承認,5.0
高級,6.2
學習,5.6
福利,6.6
自然,5.2
通知,5.0
明確,6.2
真正,5.4
確實,5.4
公平,5.8
充分,5.8
得到,5.6
規範,5.4
一致,5.2
合理,5.8
支援,5.6
主動,5.8
掌握,5.2
紀念,5.6
容易,5.6
領先,6.4
安定,5.6
財產,5.2
合法,5.8
實現,5.8
獲利,6.6
防止,4.8
創造,6.2
迅速,5.8
進步,6.6
秩序,5.6
當然,5.2
正確,6.4
推薦,6.2
特色,5.6
實在,5.4
澄清,4.4
繁榮,6.6
時機,5.2
解除,4.8
批准,5.4
認同,6.4
完整,5.8
夥伴,5.4
贊成,6.2
期待,6.2
增進,5.8
著名,6.0
表揚,6.0
遵守,5.2
創新,6.2
享有,5.4
平衡,5.4
詳細,5.4
許可,5.4
方便,6.0
自動,5.4
友好,6.2
合格,6.4
健全,6.2
固定,5.2
學會,6.0
審慎,5.6
實行,5.2
信用,6.0
傑出,7.4
的確,5.2
義務,5.0
思考,5.4
黃金,5.6
促成,5.8
習慣,5.0
毫無,4.2
專門,5.2
顯著,5.4
慰問,4.2
清理,4.8
請求,4.6
重要性,5.0
平等,5.8
務實,6.0
正義,6.4
消除,4.0
清除,4.0
休息,5.2
成熟,5.8
理性,5.6
強大,6.2
減輕,5.2
革命,5.0
法定,5.0
贊助,6.0
明白,5.0
可行,5.6
公正,6.6
福祉,6.2
克服,5.2
助益,6.2
道德,5.6
圓滿,6.4
適應,5.2
奪得,5.2
生效,5.6
期許,5.8
便利,6.0
熟悉,5.4
正當,6.2
履行,5.2
凝聚,5.6
革新,6.2
友誼,6.4
奮鬥,6.6
自主,5.6
巨大,5.2
開拓,5.6
過關,6.0
營養,5.4
適度,5.2
罕見,5.2
天然,5.6
首位,5.8
讓步,4.6
深刻,5.4
得獎,7.0
致意,5.2
名譽,6.2
愛國,6.8
中和,5.4
嚴密,4.8
突出,5.6
理解,5.8
前進,6.0
聲望,6.0
慎重,5.6
熱心,6.4
推進,5.2
愉快,7.0
技巧,5.2
允諾,5.4
感動,6.2
良性,6.4
清潔,5.2
便宜,6.0
想像,5.2
蓬勃,6.0
資助,5.4
警覺,4.6
發達,6.0
無罪,5.4
均衡,5.2
分工,5.2
精密,5.6
卓越,6.6
充份,5.6
職責,5.0
自願,5.0
輔助,5.2
倫理,5.2
互惠,6.4
平息,4.8
及格,6.0
創立,5.4
節約,5.4
財富,5.6
建設性,5.8
互利,5.8
切實,5.2
招待,5.4
效能,5.4
諒解,4.8
開採,5.2
生育,5.2
美化,6.0
夢想,6.2
優質,7.2
獨特,6.4
留意,4.8
無疑,5.0
理會,5.0
約定,5.2
締造,5.4
賺錢,5.6
充裕,6.2
通用,5.2
合乎,5.2
毫不,4.4
簡易,5.6
絕無,4.6
精緻,6.0
光明,6.6
好事,6.6
注目,5.2
免除,5.0
穩固,5.8
保密,5.2
樂見,6.0
道理,5.2
改良,5.6
新鮮,6.0
透明,5.0
古典,5.2
趣味,5.8
集資,5.2
專屬,5.6
敬佩,6.2
友善,6.6
人性,5.0
合適,5.6
天使,6.6
一流,6.8
助長,5.4
嚴謹,5.2
吸引力,5.4
優於,5.4
互助,5.8
深切,5.0
好奇,5.0
衛冕,6.0
守法,5.8
充足,5.6
嶄新,6.4
不遺餘力,6.2
特大,5.4
才藝,5.8
誠摯,6.4
準確,5.8
妥當,5.4
加薪,6.2
發覺,5.0
熱忱,6.0
補足,5.2
節制,5.0
暢談,5.8
鼓掌,6.2
在意,5.0
精確,5.8
矯正,4.8
聲譽,5.4
無比,5.4
無異議,5.2
去除,4.8
實用,5.6
誠懇,6.6
協力,5.8
發育,5.6
捐獻,6.4
熱誠,6.6
良心,6.0
由衷,5.0
清晰,5.4
奪冠,7.0
合法性,5.2
適任,5.6
樂於,6.4
邏輯,5.2
有名,6.0
可取,5.8
調停,4.8
讚許,6.6
非凡,6.2
奇異,5.2
感人,6.2
在乎,5.6
遠見,6.2
持久,5.6
正規,5.8
親近,6.2
醫治,4.8
人情,5.2
穩定性,5.4
難忘,5.2
端正,5.6
修理,4.8
教養,5.6
洋溢,6.2
啟發,6.0
討好,4.6
廣闊,6.0
禮貌,6.0
負有,4.8
明瞭,5.8
如意,6.8
吉祥,6.8
自立,5.8
晴朗,6.2
調劑,5.0
毅力,6.0
精選,6.0
親善,6.4
勤奮,6.8
微妙,5.4
奮力,6.6
奪魁,6.6
決定性,5.4
詳盡,5.6
風度,6.0
茁壯,6.4
別緻,5.8
特許,5.8
安然,5.8
知性,6.0
求新,6.2
安泰,6.2
褒揚,6.2
無誤,5.4
遙遙領先,7.0
多福,6.2
歡慶,6.8
稀少,5.0
廉潔,5.8
可貴,6.0
熱中,6.4
自助,5.6
至上,6.0
攻讀,5.8
為榮,7.0
恭喜,6.8
吸引人,6.2
正統,6.0
消退,4.8
清明,5.2
才華,6.4
根除,5.0
關愛,6.2
客氣,5.6
狂歡,6.6
同感,5.2
永恆,6.0
不懈,5.8
調和,5.2
謙虛,6.4
奠基,6.0
保釋,4.2
學識,6.0
積極性,6.2
品味,5.6
勝任,6.2
逼真,5.6
細膩,6.0
盡情,5.8
偏袒,3.6
相容,5.4
踏實,6.2
流利,6.4
固守,5.2
致富,6.4
有理,6.2
進取,6.4
智力,5.4
解開,5.6
升起,5.4
安樂,5.6
憧憬,5.8
創造力,6.4
忠貞,6.2
天真,6.2
不爭,4.4
功德,6.4
好感,6.0
征服,5.2
豁免,5.2
貴族,5.4
善於,6.0
協作,6.0
首肯,5.2
吉利,6.8
鬥志,6.8
相等,5.2
自白,5.0
興盛,6.4
完好,6.0
名聲,5.6
功績,6.2
魔法,5.2
出名,6.2
可信,5.8
光彩,6.6
可喜,6.4
堅固,6.0
光芒,5.4
遵從,5.4
流暢,6.0
熟練,5.8
巧妙,5.8
旗開得勝,7.2
忍耐,4.6
正確性,5.8
好吃,6.4
助手,5.2
過癮,6.2
精通,6.4
白金,5.4
贊成票,6.0
激盪,5.6
想像力,5.4
愛上,6.4
美感,6.2
得力,5.8
行善,6.8
不凡,6.0
不忍,4.4
愉悅,6.6
熱力,5.6
萬能,6.4
滿懷,5.6
安康,6.4
尊崇,6.6
貴重,6.0
指望,5.0
富強,6.8
好意,6.2
健美,5.8
說服力,5.2
防備,4.6
細緻,5.8
高歌,6.0
寫實,5.4
正直,6.6
獨一無二,6.4
發財,6.8
真愛,6.8
分寸,4.8
堅毅,6.4
緊要,4.6
學成,6.2
出乎意料,5.2
分工合作,6.2
打趣,5.8
感同身受,5.0
義不容辭,6.2
通俗,5.0
防水,5.4
可靠性,6.0
平坦,5.2
正大,6.0
純真,6.2
純淨,6.0
懇求,4.6
嗜好,5.2
喜氣洋洋,7.4
上等,6.4
均等,5.2
高尚,6.4
獨有,5.8
精細,6.0
用功,6.2
激賞,6.4
奮勇,6.4
生日快樂,6.6
無庸置疑,5.4
富麗,6.4
賞識,6.2
激昂,6.0
精明,5.8
要緊,4.8
新奇,5.8
高處,5.0
抒發,4.8
引以為傲,6.6
謙卑,6.2
適性,5.4
崇敬,6.4
正派,6.4
規矩,5.2
典雅,6.0
連貫,5.0
睿智,6.4
談戀愛,6.2
善行,6.4
寬闊,6.0
特級,6.4
耐性,5.2
英明,6.6
漸入佳境,6.4
富足,6.6
孝行,6.6
創造性,6.4
與有榮焉,6.6
雀躍,6.8
心動,6.4
上好,6.4
機智,6.2
自如,5.2
沈著,5.6
直覺,5.0
人情味,6.4
造詣,5.8
耐用,5.6
閃爍,5.6
良善,6.6
老實,6.2
相稱,5.6
均勻,5.4
消遣,4.4
群策群力,6.2
涼爽,6.0
奮發,6.6
實用性,5.4
內行,6.2
奇妙,5.8
義無反顧,5.0
手藝,5.4
盡興,6.2
問題,4.4
沒有,4.4
要求,4.6
無法,4.0
不會,4.0
不能,4.0
短暫,4.6
減少,4.4
利用,4.8
超過,5.0
不要,4.0
下跌,3.2
避免,4.2
大浪,5.0
透露,5.0
不斷,5.0
限制,4.2
尚未,4.4
降低,4.8
危機,3.2
緊急,3.8
困難,3.6
犯罪,2.4
污染,3.0
地震,3.4
可望,4.6
違反,3.6
取消,4.0
逮捕,4.0
不得,4.0
停止,4.8
有意,4.6
意外,3.4
下降,4.6
非法,3.0
排除,4.2
感染,3.2
警告,3.6
絕對,5.0
障礙,4.2
危險,2.4
指控,3.2
發動,5.0
疾病,3.4
離開,4.6
不可,4.0
激烈,4.4
走私,2.8
失業,3.0
機車,4.6
事故,3.0
災害,2.6
反彈,3.8
一再,4.4
難以,4.0
毒品,3.0
患者,3.4
爆炸,3.2
歹徒,3.0
起訴,3.0
貶值,3.6
絕不,3.4
拆除,3.8
風暴,3.2
突然,4.6
病人,4.0
判決,4.6
徵收,4.6
刑事,4.2
武力,3.8
辯論,4.4
退出,4.2
被告,3.8
糾紛,3.4
台獨,5.6
不佳,3.6
對手,4.8
不良,3.4
自殺,2.0
強制,4.2
落後,3.4
難民,3.2
困擾,3.6
不法,3.4
不明,4.0
命令,4.2
監獄,3.4
陷入,3.6
自我,4.6
作戰,4.0
審判,4.0
死者,3.2
赤字,3.4
遭遇,4.0
武裝,4.2
不如,4.2
暫停,4.8
道歉,3.6
不易,4.0
困境,3.6
不景氣,3.4
異議,4.0
控告,3.4
癌症,2.6
複雜,4.2
派系,4.4
刪除,4.0
危害,3.2
阻止,4.2
秘密,4.6
保守,5.0
罷工,4.0
過度,4.0
不實,3.4
撤銷,3.6
通貨膨脹,4.0
屍體,3.0
不管,4.4
火災,3.2
脫離,4.2
迫使,3.6
搜索,4.4
游擊隊,4.8
廢除,4.4
現實,4.6
追蹤,4.4
輻射,3.2
恐怕,3.8
綁架,2.6
黑道,3.4
失事,2.6
異常,3.4
風波,4.2
彈劾,3.4
大雨,4.6
罰款,3.8
判刑,3.4
東西,5.0
殺害,2.0
浪費,3.6
意圖,4.2
終止,4.2
無關,4.6
縮小,4.8
爭執,3.4
差異,4.4
竟然,4.8
中毒,2.8
政變,3.0
可疑,3.4
分離,4.2
代價,4.2
去世,2.6
削減,3.8
子彈,4.4
射擊,4.6
故障,3.8
處置,4.8
封鎖,4.0
洪水,3.6
緩慢,4.8
干擾,4.2
承受,4.6
非正式,4.6
推翻,4.2
對付,3.8
轟炸,3.8
對立,3.4
縮減,4.0
打壓,3.2
過多,3.8
萎縮,3.6
災難,3.2
依賴,5.0
中止,4.4
阻礙,3.8
空襲,3.0
感冒,3.4
倒塌,3.2
申訴,4.2
不予,4.2
辛苦,4.2
加重,3.8
蔓延,4.4
否決,3.8
消失,4.0
弊端,2.8
頻繁,5.0
敦促,5.2
高價,5.2
破產,3.0
擺脫,4.4
延誤,3.6
賭博,3.0
不公,3.4
違建,3.2
陰影,4.0
外來,4.4
遏止,4.0
暗示,4.8
不應該,4.0
致使,4.6
流亡,3.6
批發,5.4
破裂,3.4
襲擊,2.6
搶劫,2.4
打出,4.4
醜聞,3.2
暴動,2.6
佔領,3.4
神經,4.2
拖延,4.2
制止,4.4
傳染,3.4
故意,3.8
殺人,1.8
減弱,3.8
噪音,3.6
開除,3.2
開槍,2.8
撲滅,3.8
傾銷,3.8
高壓,4.2
警報,3.6
流氓,3.4
激進,3.6
燃燒,4.4
宣判,4.4
動亂,3.2
毆打,2.6
憤怒,2.6
垃圾場,3.8
不顧,3.8
慘重,2.6
任意,4.2
干涉,3.6
受害者,2.8
超出,4.2
佔用,3.6
罰金,3.6
可惜,3.6
自稱,5.0
禁令,3.6
冷戰,3.6
沈重,3.8
延期,4.0
腫瘤,3.0
抹黑,3.2
包圍,4.2
傳染病,3.4
沒想到,4.8
不成,3.8
觸犯,3.6
勾結,3.4
廢止,4.0
發燒,3.4
勒索,3.0
欠缺,3.6
模糊,4.2
退回,4.0
海洛因,2.6
孤立,3.6
侵入,3.4
擅自,3.6
流血,3.6
危及,3.0
失利,3.4
暴亂,2.4
傾倒,3.8
迫切,3.8
強暴,2.0
壟斷,3.4
辭呈,3.4
老年,4.6
駁回,3.8
吸毒,2.8
廢棄,3.4
癱瘓,2.8
扣押,3.2
致死,2.2
太過,4.0
倒閉,2.8
強盜,3.0
相反,4.8
撤回,4.2
減低,4.4
沒收,3.6
控訴,3.2
頭痛,3.6
動盪,3.6
屠殺,2.2
差別,4.2
嫌疑,3.6
揭露,4.0
對峙,4.4
落選,3.2
乾旱,3.2
缺席,3.8
擊中,4.6
猖獗,3.0
疑問,4.6
陷於,4.0
特權,4.4
細菌,4.0
瑕疵,3.6
未必,4.6
暴露,3.4
氾濫,3.2
不肖,3.0
瓦解,3.6
嚴肅,4.6
逼近,4.0
不清,4.0
賄賂,2.8
淪為,3.8
分開,3.8
延遲,3.6
加深,4.6
動武,3.4
逃生,3.6
受阻,3.4
變革,3.6
分割,3.8
獨裁,3.0
陰謀,3.2
謠言,3.6
逃亡,3.0
格外,4.8
崩潰,2.8
掩埋,4.4
行賄,2.8
告發,3.8
藉口,3.6
扣留,3.4
不彰,3.4
戰場,3.4
無可,4.4
拖累,3.6
誤導,3.6
流浪,3.4
延緩,4.6
搶奪,3.0
相差,4.4
加劇,4.0
避開,4.2
哀悼,2.6
漏洞,3.6
暴雨,3.6
過世,2.4
擁擠,3.8
肆虐,3.2
搶走,3.4
大聲,4.6
監禁,3.2
囚犯,3.0
驅逐,3.2
投機,3.6
過剩,4.2
削弱,4.0
燒燬,3.2
傷口,3.6
暴行,3.0
地雷,3.2
肥胖,4.0
血腥,2.8
化石,5.0
慢性,4.0
誹謗,3.0
埋伏,3.8
下陷,3.6
窘境,3.6
挖掘,5.0
規避,4.0
闖入,3.2
突發,4.0
動搖,4.0
遺失,3.8
欠佳,3.6
投降,3.6
不以為然,4.6
貿然,4.0
退役,5.0
濃煙,4.0
進攻,4.2
被害,2.4
兇手,2.2
捲入,4.0
發作,4.2
拘留,3.6
蓄意,3.4
戰役,4.2
漠視,3.6
共犯,3.0
極度,4.2
浮動,4.6
安撫,5.0
自認,5.0
昏迷,3.0
求助,3.6
受難者,2.6
停滯,3.8
骨折,3.2
殖民,4.0
相撞,3.0
嚴懲,2.8
反覆,4.6
警惕,4.4
好戰,4.6
恫嚇,3.0
欺騙,3.2
瘋狂,4.4
撞擊,3.6
次級,4.2
遲緩,4.0
投訴,3.8
施以,4.8
阻塞,4.2
抵抗,3.4
忍受,3.6
撤退,3.8
默默,4.8
混淆,4.0
毀滅性,3.2
有罪,3.0
滲透,4.2
衝撞,3.6
絲毫,4.8
脂肪,5.0
無形,5.0
限定,5.0
停頓,4.8
炸藥,3.2
停業,3.4
制服,5.0
轟動,4.8
暴徒,2.4
暗殺,1.8
殘骸,3.0
耗費,4.4
負荷,4.0
未定,4.4
顛覆,5.2
居然,4.6
薄弱,3.6
衰竭,3.4
大屠殺,1.8
免職,3.0
潛逃,3.4
誤差,4.0
變相,4.8
擔負,4.4
牴觸,4.0
暴跌,3.0
隱藏,4.6
佔據,4.0
清算,3.8
蒙受,3.6
分化,4.0
招致,4.0
有毒,3.0
犯人,2.6
酒醉,3.4
消耗,3.8
過敏,4.0
寒冷,4.6
不下,4.4
不休,4.2
蕭條,3.6
壓倒性,5.2
追逐,4.8
贓物,3.2
勒贖,2.4
包庇,3.4
罷黜,3.6
斷裂,3.6
痛心,2.8
口角,3.4
過份,3.4
觸及,4.6
偏差,3.8
追捕,4.0
灼傷,3.2
抓住,4.4
切斷,4.2
攻佔,4.6
盲目,3.8
流出,4.8
婉拒,4.2
動手,4.0
斷絕,3.2
落入,4.0
感慨,4.0
冗長,4.0
打入,4.4
情結,4.8
嘔吐,3.4
怎樣,4.2
隱瞞,3.6
毒氣,3.0
求救,3.6
屈服,3.8
拜託,4.4
捕捉,4.2
過量,3.6
傾斜,3.8
未遂,3.4
拖欠,3.6
摩擦,4.0
安慰,4.6
歸咎於,3.6
遏制,4.0
質問,3.6
受挫,3.4
危急,3.0
狹窄,4.2
不得已,3.6
殖民地,4.2
暗中,4.2
飢餓,3.4
掩飾,4.4
下手,3.4
洩露,3.8
煽動,3.4
寧可,4.4
生變,3.8
智障,2.8
老大,4.8
共謀,3.8
發炎,3.8
較勁,4.4
得不到,3.8
擠滿,4.2
不和,3.8
瀰漫,4.6
擾亂,3.8
受難,3.0
假冒,3.8
不尋常,3.6
行竊,3.0
麻醉,4.2
縱容,3.6
專制,3.6
違章,3.8
訝異,3.8
限度,4.4
洩漏,3.6
近視,4.2
煞車,4.6
孤兒,4.0
炸毀,3.0
激戰,4.0
議論,4.4
窮人,3.6
出賣,3.0
餘地,4.4
屠宰,2.8
不合時宜,3.8
低潮,3.8
毛病,3.8
作秀,3.8
踐踏,3.8
寧願,4.8
遇刺,2.8
無家可歸,3.4
失調,3.8
猥褻,2.8
野心,5.2
背信,3.2
侵蝕,3.4
牽制,3.8
囚禁,3.0
殺人罪,1.8
慘案,2.0
清寒,3.8
失效,4.0
剷除,4.0
匱乏,3.6
黑暗,4.0
突襲,3.8
竊賊,3.1
錯失,3.5
緊迫,4.3
陷阱,3.3
悄悄,5.0
牲畜,3.4
通牒,3.6
剔除,4.3
犯規,3.5
唾棄,2.8
查禁,4.5
不切實際,3.6
垮台,2.7
放射,5.0
勸阻,5.3
病菌,3.6
塌陷,3.4
沈默,4.7
潛入,4.5
定罪,4.1
牽連,4.0
施暴,2.6
苦難,3.0
裂縫,4.2
勸告,4.9
內情,4.9
洩密,3.1
劣勢,3.5
剝削,2.8
逼迫,3.0
復發,3.6
困在,3.6
麻痺,4.1
尖銳,4.3
不理,4.2
碰撞,4.3
堵塞,4.0
出軌,3.2
乾燥,4.8
權宜,5.3
曲折,3.9
否決權,4.9
燒傷,3.6
拚命,5.2
迷信,4.0
敗北,3.4
震動,5.0
逐出,3.3
損毀,3.4
慾望,4.8
己見,5.0
攻擊性,3.4
責難,3.6
冷漠,4.0
逃跑,3.5
蠻橫,3.3
畏懼,3.3
砍傷,2.9
圖謀,4.2
灌輸,4.8
圍毆,2.8
沒有用,3.2
枯竭,3.9
逃犯,3.6
過早,4.5
墳墓,4.3
催促,4.5
走下坡,4.0
鬆散,4.0
脫落,4.2
中傷,3.3
趕出,3.9
不肯,4.5
噴出,4.9
誇張,4.5
競爭者,5.4
不予置評,4.4
犯錯,3.9
廢物,2.9
宰殺,4.0
鼓動,4.7
海難,3.1
落淚,4.4
鯊魚,4.5
有礙,4.2
扼殺,3.1
飲恨,3.8
顧忌,4.6
流言,4.1
討價還價,4.3
侵吞,3.4
上吊,2.2
覬覦,4.0
昏倒,3.6
失血,4.0
關押,3.7
虛偽,3.1
賭注,4.8
引咎,4.4
逼使,3.5
行騙,3.3
饑荒,2.9
譭謗,3.0
壓倒,4.3
盜竊,3.0
埋葬,4.0
難看,3.4
徒然,4.4
掠奪,2.7
誘騙,3.1
強盜罪,2.7
不甘示弱,5.3
輕率,4.1
橫渡,5.0
隱密,5.0
不知去向,4.3
丟掉,4.4
雜物,4.6
惡習,3.6
新手,4.8
不智,3.7
著火,3.3
破洞,4.0
急切,4.9
沉默,4.9
混沌,4.0
劣質,3.4
不好意思,4.5
一蹶不振,2.8
遊蕩,4.3
寄生蟲,3.4
造假,3.4
擊潰,4.9
避重就輕,3.9
失序,3.8
荒廢,3.6
勞累,3.9
電擊,4.4
挑撥,3.6
下獄,3.0
遭殃,3.5
反常,4.2
姦淫,2.8
自認為,4.3
狂風,4.8
鮮豔,5.5
清秀,5.8
戀戀,5.7
敬禮,5.6
責任心,6.7
柔和,5.5
樸素,5.3
安祥,5.7
魔力,5.0
不屈不撓,7.1
奮起,6.4
率直,6.0
歡騰,6.7
節儉,6.0
寓意,5.2
快快樂樂,7.1
合意,5.7
接濟,4.9
苦思,4.5
間歇,5.2
柔情,5.9
穩重,6.1
熱戀,6.5
愛國心,6.5
可敬,6.4
攙扶,5.7
英雄式,6.5
光澤,5.2
滿載而歸,6.9
喝彩,6.7
奮不顧身,6.3
取悅,5.6
井然有序,6.2
多才多藝,6.3
好學,6.2
安詳,5.5
追根究底,5.6
善舉,6.2
鍾情,5.9
志氣,6.6
直截了當,5.5
中肯,6.0
盡如人意,6.6
出眾,6.8
肥沃,6.1
好客,5.7
德高望重,7.2
富於,6.1
幹勁,6.0
清高,5.9
全神貫注,6.3
涼快,5.8
富麗堂皇,6.1
鍛煉,5.6
哲人,5.7
富饒,6.5
無庸,5.3
相宜,5.4
談笑風生,5.6
快活,6.4
溫文,5.7
羨煞,5.8
心安理得,5.8
嘟嘟,5.0
大喜,7.4
甘美,6.5
暖意,6.0
互敬,5.8
樂不可支,7.4
恆久,6.1
脫俗,6.0
伊甸園,6.3
甘甜,5.9
溺愛,4.2
才氣,5.9
一見鍾情,6.4
締造者,5.6
慈悲為懷,6.2
合群,5.6
大無畏,6.1
含笑,5.6
聖徒,5.6
繁盛,6.5
樂事,6.3
聰慧,6.7
安適,5.6
賢明,6.7
心曠神怡,6.5
真確,5.3
洋房,5.0
誇獎,6.3
堂皇,6.2
明理,6.2
償清,5.5
順眼,5.8
和藹可親,6.2
奪取,2.4
困窘,3.2
紊亂,3.7
打死,1.8
驅散,3.8
碎片,3.9
廢墟,3.5
短少,3.6
橫行,3.5
粗糙,3.8
險境,2.8
圍困,3.4
威嚇,2.7
大意,4.1
沒辦法,4.2
遲滯,3.5
擊退,5.5
謠傳,4.3
爆破,4.2
粉碎,3.9
暴風雨,3.7
大亂,3.2
退縮,3.6
負數,4.7
出沒,4.8
過節,3.7
憤慨,2.8
誘惑,4.3
刁難,3.0
腐蝕,3.5
疑雲,4.2
悶熱,4.2
對不起,2.9
背離,3.0
爭辯,3.3
失常,3.2
解雇,2.4
微弱,3.8
搜捕,4.2
三八,3.9
陰雨,4.1
老是,4.7
不大,4.9
火爆,3.1
兩難,3.6
滅絕,2.2
分隔,4.3
憂心忡忡,3.4
唯恐,3.6
隔絕,3.7
一面倒,3.0
撞死,1.7
苦心,3.8
竊聽,3.7
困惑,4.2
潛藏,4.0
分贓,2.4
未知數,4.6
偷偷,3.8
刻板,4.3
捏造,3.7
囂張,3.3
束手無策,3.7
躲藏,4.0
散落,4.0
烈酒,4.2
何必,4.4
咬傷,3.7
堪慮,3.7
告誡,4.3
欺負,3.3
推諉,3.7
惡作劇,3.5
俘虜,3.4
複雜化,4.0
想不到,4.2
造謠,3.4
潛伏,4.0
惡質,2.7
一意孤行,3.4
霸佔,3.1
乏人問津,3.6
辜負,3.6
退場,4.1
塞人,4.1
偏頗,3.7
怨言,3.4
計較,3.8
無名,4.6
爆炸物,4.0
暴發,3.9
置之不理,3.5
姑息,3.8
玩弄,3.4
偽裝,4.1
沈沒,3.3
凝重,3.4
責怪,3.5
用盡,4.0
伏擊,3.9
逆境,3.3
不義,3.5
作假,3.4
敬陪末座,3.5
走失,3.2
救命,3.4
不值,3.6
恥辱,3.2
論戰,3.6
不歡而散,3.1
低下,3.8
痙攣,4.3
無依,3.6
強加,4.3
突如其來,4.8
低姿態,4.4
誹謗罪,3.3
頭暈,3.8
拘留所,4.0
被俘,3.1
改頭換面,6.2
情願,6.2
有效性,5.8
留情,5.7
互助合作,7.1
刻苦,6.4
順從,6.0
當心,5.1
群情激憤,3.0
懺悔,4.3
第一流,8.4
吃苦,4.2
至高,7.0
抒情,5.9
誘人,6.0
清澈,6.3
有禮,6.9
知覺,5.6
衝勁,6.8
窩心,7.0
戒除,6.3
聖人,7.4
學好,6.2
甘願,5.9
雄偉,6.2
韻味,6.5
雅量,7.2
誠心誠意,7.3
談笑,6.9
芬芳,6.6
滋養,6.7
道謝,7.0
耐勞,6.3
施捨,4.9
安眠,5.0
悅耳,6.6
安身立命,6.4
酬謝,6.5
光滑,5.6
勇猛,7.0
安身,5.9
器重,6.8
痛快,6.4
一笑置之,6.4
賞心悅目,6.8
情深,6.7
意氣風發,6.9
引以為榮,7.2
無懈可擊,7.9
氣派,6.7
幽默感,7.0
學以致用,6.9
詩意,6.2
舒暢,7.3
會心,6.2
心甘情願,6.7
香甜,6.7
莊重,6.6
照耀,5.8
精確度,6.0
抒解,6.1
懂事,6.5
誇耀,5.6
平心靜氣,5.5
恭敬,6.2
寬厚,6.8
不偏不倚,6.2
消散,5.7
洋洋,6.1
互愛,7.0
情不自禁,6.3
纖細,5.8
勤勉,6.6
熱熱鬧鬧,6.6
完滿,7.4
暢快,7.1
彬彬有禮,7.3
聰穎,7.5
工整,6.7
開化,6.4
先見之明,6.6
興沖沖,6.5
豐饒,6.9
知恥,6.3
奇跡,7.4
希冀,6.3
剛毅,6.5
癡情,6.8
紅潤,6.3
望子成龍,6.7
聖潔,7.1
溫順,7.1
愛撫,6.8
勻稱,6.3
有說有笑,6.8
決斷力,6.6
繁茂,6.8
渴盼,6.3
超凡,7.4
豁然開朗,7.0
熟慮,5.9
有意義,6.7
癡癡,6.1
謙恭,6.7
從容不迫,6.7
苦修,5.2
牢靠,6.2
形影不離,6.4
平心,5.8
妙計,6.6
俠義,7.2
漂漂亮亮,7.0
討人喜歡,7.4
擔待,6.4
豐腴,6.5
深謀遠慮,7.3
自得其樂,6.8
留神,5.9
雅致,6.2
醉人,6.1
飛黃騰達,7.9
縫補,5.7
遊街,4.2
過時,4.0
收買,3.8
魔鬼,2.0
何不,4.9
夢魘,2.1
燙傷,3.0
弊病,2.8
困難重重,2.1
失明,2.1
游擊,5.1
慘痛,1.7
慘敗,1.7
追趕,5.1
衝出,5.8
潰瘍,3.3
破碎,2.9
謊言,2.8
裂痕,3.2
推擠,3.5
未雨綢繆,6.0
暴風,3.5
瓜分,4.1
煙霧,4.6
騷亂,3.0
擦傷,3.7
殘廢,1.8
輾轉,4.5
退學,2.8
藐視,3.0
糾纏,3.0
束縛,3.6
偷工減料,3.0
曖昧,5.7
鬧事,2.9
辯解,3.6
梗塞,3.3
償付,4.5
凌虐,1.9
渺茫,3.0
遜色,3.7
追訴,4.0
委屈,3.4
加害,2.3
休克,2.4
獨裁者,3.0
文盲,3.5
不許,3.5
徵稅,4.4
撕毀,3.3
退步,3.4
最低,3.5
衝動,4.0
人身攻擊,2.6
後退,4.0
抵消,4.8
虛假,3.0
竄改,3.0
冒充,3.1
挫傷,3.4
撕裂,2.7
毒害,1.9
乞丐,2.8
一廂情願,4.6
作祟,3.9
沈寂,3.8
殺戮,1.6
阻隔,4.2
欺壓,2.7
軍閥,3.7
僵持不下,3.4
搖擺,4.3
傳染性,3.2
失手,3.1
罷了,3.8
敲詐,3.0
拉出,5.0
斥責,2.6
內鬥,2.7
未知,4.6
重擊,2.5
簡陋,3.8
槍聲,3.4
罷課,2.8
幼稚,3.4
根絕,3.8
未加,4.4
畸形,2.8
吵架,2.9
割傷,3.5
誤認,4.1
發洩,3.8
戰敗,2.4
出乎,5.1
搖晃,4.6
失落,3.0
逃走,3.2
冀望,6.4
自立自強,6.2
敬愛,7.1
事跡,5.1
直率,6.5
芳香,6.4
健壯,6.9
無價,6.2
報答,6.4
聽話,6.0
牢固,6.1
為傲,7.0
學有專精,6.7
正道,6.7
興高采烈,8.3
天籟,7.5
稀奇,5.9
判斷力,5.1
養活,5.7
友愛,6.8
簡樸,6.0
易懂,6.0
標緻,6.3
出人意表,6.4
厚道,6.0
不亦樂乎,7.1
安和樂利,7.3
一帆風順,7.4
簡明,5.7
顯赫,6.2
茂盛,6.2
最高,7.2
嬉戲,5.0
無敵,8.1
變好,7.0
才幹,5.9
報喜,7.5
心平氣和,5.7
精巧,5.6
潛心,5.4
純潔,6.5
留心,4.6
自由自在,6.8
心儀,6.8
同情心,5.5
平整,5.3
母愛,6.7
神童,7.2
頌揚,7.6
樂此不疲,7.1
淳樸,6.0
會心一笑,6.4
學成歸國,7.0
昌盛,7.1
自信滿滿,7.9
豐滿,6.8
端莊,6.0
心想事成,7.7
文雅,6.0
自告奮勇,6.6
報恩,6.3
無瑕,5.8
老練,5.4
興致勃勃,7.6
高高興興,7.8
堅韌,6.1
臉紅,5.6
煥發,5.9
醉心,5.8
叮囑,5.3
慇勤,6.3
達觀,5.5
多產,5.6
虔敬,6.5
守信,6.6
喜感,7.2
有效率,7.0
率真,6.3
自勉,6.2
微微,5.0
安好,6.2
明晰,5.7
雄辯,5.4
恆心,6.5
奮進,7.4
輕輕鬆鬆,6.6
謙遜,6.4
安於,5.3
心滿意足,7.3
活著,5.7
愜意,6.6
溫文儒雅,6.3
傳奇性,6.3
忘不了,5.5
可親,5.9
長進,6.2
恩人,6.8
覺察,5.1
情投意合,6.9
賢人,6.5
俘獲,5.1
你儂我儂,6.8
引吭高歌,6.4
目眩,4.3
入神,5.5
心心相印,6.7
稱心,6.0
肝膽相照,6.5
甜甜蜜蜜,7.1
賢淑,6.6
言歸於好,6.2
貞潔,6.2
廢寢忘食,4.9
獨創性,5.7
稀罕,5.4
意味深長,5.7
施恩,6.2
癡狂,5.7
虔信,6.2
入迷,6.1
有權,5.8
物廉價美,7.0
悠哉,6.4
練成,5.7
盛年,6.0
安安靜靜,5.6
騰躍,7.0
滿面春風,7.6
儒雅,5.9
安睡,5.6
愛憐,6.2
癡心,5.8
神氣活現,7.7
賢慧,6.8
勳績,7.1
出神,6.5
適得其所,6.3
一吐為快,5.7
日久生情,6.5
古雅,6.0
足智多謀,7.7
順當,5.7
謙恭有禮,6.6
心花怒放,7.2
切題,5.3
嘻嘻哈哈,5.6
抒懷,5.7
自滿,4.5
惡行,2.6
奴隸,3.2
孤獨,3.7
雜草,4.7
惶恐,3.3
抹煞,3.8
一往情深,6.7
戰無不勝,7.9
惠顧,5.6
豪勇,6.6
愛人如己,6.9
坦直,6.2
嬌美,6.7
鑒別力,5.4
心誠則靈,6.3
妙不可言,6.9
諧調,5.7
精神百倍,7.5
奢侈,3.4
崩塌,2.9
得不償失,2.4
悽慘,1.7
排山倒海,3.7
一舉數得,7.4
不相上下,6.2
不礙事,4.9
有過之而無不及,4.4
夠格,7.4
粗製濫造,3.2
累贅,2.7
聊勝於無,5.2
莫名其妙,2.9
陰霾,2.7
得分,7.7
從善如流,6.6
深入淺出,6.9
深厚,5.8
清脆,5.3
提心吊膽,2.9
斑駁,4.0
殘破,2.9
殘缺,2.8
渾濁,3.2
盛大,7.5
脫胎換骨,8.2
處變不驚,5.9
通風,5.4
單純,6.4
發病,2.9
病發,2.9
硬化,2.7
稍嫌弱,3.4
超弱,2.2
華而不實,2.9
循序漸進,6.8
掌聲如雷,8.0
游刃有餘,7.6
無往不利,7.0
絢爛奪目,7.2
發瘋,3.2
絞痛,3.1
跑不動,4.0
進退兩難,4.1
亂七八糟,3.1
超人,7.4
週到,7.6
進化,6.4
開趴,6.9
順耳,5.9
微乎其微,4.3
愚昧,2.9
慌張,2.6
摃龜,2.6
暈倒,3.2
勤快,7.0
搞笑,6.5
新穎,6.6
源源不絕,6.5
準時,6.7
肆無忌憚,3.2
腫起來,3.3
腰酸背痛,3.0
落單,3.0
詭異,2.7
欲振乏力,3.0
猙獰,2.0
猝死,1.0
粗淺,3.6
累人,3.5
一覽無遺,6.0
不遑多讓,6.2
專心,7.0
專注,7.1
強有力,7.3
強而有力,7.3
粗線條,4.1
勞民傷財,2.7
單調,4.0
惡名昭彰,1.2
惱人,2.5
得心應手,7.3
深植人心,6.5
清爽,6.9
清清爽爽,6.9
理所當然,6.0
痊癒,7.2
無以復加,3.8
痛心疾首,2.1
痠,4.0
痠軟,3.4
痠痛,2.6
酸痛,2.6
痠痠痛痛,2.6
酸酸痛痛,2.6
盛開,6.8
得寵,7.7
淺顯易懂,6.5
脫穎而出,7.3
復原,6.9
發麻,3.7
硬著頭皮,3.1
詞不達意,3.1
令人費解,3.6
超兇,2.5
無與倫比,7.8
犀利,7.2
硬挺,7.2
童叟無欺,7.0
絕佳,8.2
超重,3.2
亂掉,3.1
傷痕累累,2.3
傻眼,4.1
塞車,3.3
開懷,6.5
順暢,7.4
黃袍加身,7.6
黑白分明,6.0
傲人,7.0
慌亂,3.1
矮人一截,3.1
碎裂,3.1
稚嫩,5.0
綁手綁腳,3.8
勤勞,6.8
煥然一新,7.4
腳踏實地,6.4
萬幸,7.0
解渴,6.6
腫痛,2.9
載浮載沉,3.4
載沉載浮,3.4
過冷,2.9
違和,3.8
鼓噪,3.6
單薄,3.2
惡狠,1.9
無言,3.2
發霉,2.4
超時,3.1
清醒,6.2
爽玩,7.6
盛裝,7.1
無所不包,6.8
萬眾矚目,8.7
過載,2.9
墊底,1.9
寥寥無幾,2.8
屢見不鮮,3.9
彆扭,3.2
萬無一失,8.0
遊刃有餘,7.7
道地,6.6
道道地地,6.6
飽和,5.4
鼎鼎大名,7.8
漏氣,3.3
慘不忍睹,1.8
遙遙無期,2.7
遜,2.2
酷寒,3.5
有助於,6.5
念念不忘,6.2
壽終正寢,2.5
實事求是,6.0
旗鼓相當,7.3
酸澀,3.2
頗重,4.3
鼻塞,3.2
嘩然,3.1
嘴硬,3.0
稱霸,7.3
精闢,7.0
綽綽有餘,7.2
貌美,7.4
赫赫有名,7.7
標新立異,6.3
潦草,3.2
潮溼,3.5
潮濕,3.5
熱死,2.1
皺巴巴,2.5
酷炫,6.8
頗多,6.2
賣力,6.3
銳減,3.5
駝背,3.1
魯莽,2.7
壅塞,2.6
糗爆,2.0
銳利,6.5
憨厚,5.6
整齊劃一,6.2
曇花一現,4.1
樸實,5.9
龜裂,3.9
嚇人,2.3
縮水,3.3
醜陋,2.0
斷線,2.3
無緣,3.4
發癢,3.6
超現實,4.3
腫脹,3.9
過氣,3.0
清新,6.6
無傷大雅,5.1
貼切,5.9
超強,8.0
勤儉,6.8
慘兮兮,2.4
慚愧,2.5
慵懶,4.2
漏水,3.1
漫長,3.7
飽滿,6.2
嘆為觀止,7.5
嘔心瀝血,7.4
圖文並茂,7.6
有利於,7.7
熄火,3.4
聞之色變,3.0
蒼老,2.9
說不過去,3.0
遙不可及,3.7
實實在在,7.0
暢銷,7.8
滴水不漏,7.2
稱職,8.0
精采,8.5
層出不窮,4.4
憔悴,2.7
撐不住,2.6
撲朔迷離,4.0
暫緩,4.3
輕而易舉,6.8
魂牽夢縈,5.8
緊鑼密鼓,5.7
與眾不同,6.8
遠大,6.8
瘙癢,4.0
皺掉,3.6
膚淺,2.7
賠錢,2.4
醉倒,2.1
頗負盛名,7.3
厲害,7.3
寬敞,7.1
憂喜參半,4.8
數一數二,7.1
遺漏,3.6
險峻,3.4
頭暈目眩,3.3
頹廢,2.6
駭人聽聞,2.3
歷久不衰,7.2
激挺,6.5
縝密,6.5
親民,6.9
醒目,6.3
嚇歪,2.9
斷斷續續,3.7
翻車,2.2
藏污納垢,1.9
雜七雜八,2.7
無解,2.6
超速,3.2
過熟,4.4
雞婆,3.0
離奇,4.9
無所遁形,5.8
超群,7.5
精純,7.9
隨心所欲,6.5
險勝,6.4
壞掉,2.6
爛掉,2.1
礙手礙腳,2.0
繪聲繪影,4.4
難受,2.0
優異,8.6
趨之若騖,5.5
鮮艷,7.2
癒合,7.3
簡便,7.2
囉唆,3.2
囉嗦,3.2
囉囉唆唆,3.2
囉囉嗦嗦,3.2
彎腰駝背,3.2
籠統,3.9
髒兮兮,2.1
髒汙,2.3
穩紮穩打,7.7
豐盈,6.8
顧家,7.8
鶴立雞群,8.2
驚天動地,6.3
變差,2.9
變糟,2.2
體無完膚,2.0
枉費,3.0
風靡,6.1
兼備,6.7
精簡,7.1
緩解,6.5
紓解,7.3
盲從,3.1
流失,3.2
耐不住,3.6
倚賴,4.2
容納不下,2.8
獨得,7.0
擴增,6.7
蟬聯,7.8
跟不上,2.9
鄙視,1.7
歷盡滄桑,4.0
激化,6.0
迷上,5.1
豐沛,7.2
乾爽,6.4
美觀,7.7
變塌,3.0
變濁,2.7
看不慣,2.7
看不過去,2.7
納悶,3.9
無能為力,2.0
超悶,2.1
過頭,2.8
離譜,1.9
鬆垮,2.6
超越,6.5
精準,7.5
頗佳,7.1
優越,7.7
應有盡有,6.9
難聽,2.7
顛簸,3.6
繁雜,3.7
龐雜,3.6
嚴苛,3.2
簡約,6.1
豐收,7.2
穩當,7.3
難能可貴,7.4
瀟灑,7.1
曬傷,3.2
纖弱,3.9
變心,2.3
變態,1.7
驟變,3.1
驚艷,6.7
驚豔,6.7
不可小覷,6.7
不亞於,6.1
充盈,6.3
包容,6.7
出言不遜,3.1
白費,2.8
吃不消,3.1
自恃,3.8
冷落,2.9
專精,7.6
崇尚,7.0
眷戀,6.5
喜獲,7.3
榮獲,7.5
耗盡,3.7
臭死,1.6
記錯,3.1
混雜,3.1
滋生,3.1
獨具慧眼,6.9
愛戴,7.1
聽得懂,6.4
超難,2.9
離題,2.9
變臭,2.1
變扁,3.3
無法自拔,3.9
奢求,4.1
猜不透,3.3
痛感,2.8
無神,3.9
漏電,3.7
離異,2.9
曠日廢時,2.6
精進,7.0
療癒,7.1
繁華,7.7
臨危不亂,7.5
舉足輕重,6.2
難懂,3.4
騷包,3.6
鐵齒,3.3
霸道,3.0
黯然失色,2.9
優渥,7.9
豐盛,7.7
穩如泰山,7.3
繽紛,7.8
釋懷,6.8
變老,4.3
變嫩,6.3
鬱悶,2.6
不及,2.2
比不上,2.2
心疼,2.8
驚為天人,8.3
回味,6.4
佩服,7.6
保佑,6.8
看重,6.5
改變不了,3.6
屈就,3.1
抵不過,3.6
拘泥,3.4
放不下,3.1
萌,7.1
愛惜,6.0
跟得上,6.3
獨享,6.2
震撼,5.3
耗損,4.0
損耗,4.0
傷透,2.6
嫌棄,2.4
愧對,3.0
損及,3.0
贏過,7.3
歡度,7.5
乾脆,6.1
變鈍,3.5
不堪,2.9
分不清楚,3.8
遺忘,3.3
昏暗,3.7
美中不足,3.2
一氣呵成,7.4
大名鼎鼎,7.8
不雅,3.2
天下無敵,8.8
水腫,3.0
出血,2.4
平分秋色,5.4
合情合理,5.6
生鏽,3.4
失竊,1.6
三生有幸,6.4
中風,1.4
心急,3.0
出線,5.8
死心眼,2.8
沒效,4.2
無效果,4.2
沒效果,4.2
秀麗,7.2
行得通,6.8
歪七扭八,3.7
陣亡,1.6
飢渴,2.7
乾巴巴,2.6
乾枯,2.8
高超,7.6
乾淨,7.3
乾乾淨淨,7.3
閃亮,7.6
閃閃亮亮,7.6
閃閃發光,7.6
閃閃發亮,7.6
閃耀,7.6
退稅,5.9
一應俱全,7.5
不謀而合,6.8
好命,7.4
大驚失色,2.7
不知所云,2.2
手忙腳亂,2.1
好看,7.2
有著落,6.6
百發百中,7.6
多此一舉,3.2
出糗,2.3
吃不開,3.0
旺盛,7.1
明快,7.0
易如反掌,8.0
走投無路,1.2
刺鼻,2.3
受創,2.3
表裡如一,6.6
迎刃而解,7.6
浮腫,2.7
衰落,2.3
討人厭,1.4
起疑,3.9
迷茫,3.4
相見恨晚,6.3
風平浪靜,6.0
柔中帶勁,6.3
海派,7.2
純熟,6.7
一清二楚,7.1
大勝,9.0
叫座,8.5
口說無憑,3.0
大費周章,3.8
天公不作美,2.4
平淡,4.8
平淡無奇,4.8
名不虛傳,7.5
支離破碎,1.6
出錯,2.5
失禮,2.4
受益,7.2
始終如一,6.7
尚可,6.0
普普,5.1
普通,5.1
普普通通,5.1
馬馬虎虎,5.1
所費不貲,2.9
披頭散髮,3.6
抽筋,4.0
知名,6.9
空閒,5.2
浮誇,4.0
氣爆,2.3
狼狽,2.1
狼狽不堪,2.1
病態,2.6
破舊,3.4
特強,8.2
神奇,6.2
純正,6.6
風雅,7.4
挺住,6.3
一勞永逸,7.2
大開眼界,7.8
多汁,6.2
大錯特錯,2.3
不夠看,4.4
心驚膽跳,2.7
心驚膽戰,2.7
心驚膽顫,2.7
名列前茅,7.4
好心,7.6
如願以償,7.3
多慮,4.6
有恃無恐,4.4
水火不容,2.6
忠心耿耿,7.7
怡然自得,7.2
性感,6.1
委靡,2.3
孤零零,2.5
居心叵測,2.4
爭氣,7.3
直挺挺,6.4
凍僵,4.2
弱不禁風,3.0
捉摸不定,3.2
氣炸,1.6
風流,2.5
相見歡,7.7
挺拔,7.2
特殊,6.5
神清氣爽,7.7
笑容可掬,8.4
一掃而空,6.8
大好,8.5
內斂,6.3
口乾舌燥,2.9
大起大落,3.4
不慎,3.1
千變萬化,5.9
天真爛漫,6.6
中規中矩,5.2
血流如注,1.8
秀逗,2.4
手拙,2.9
有意思,6.6
事事如意,7.9
受用,7.6
拖泥帶水,2.7
於事無補,1.7
事倍功半,3.4
服貼,6.9
服服貼貼,6.9
果決,8.0
風騷,3.9
苦澀,3.1
凍傷,2.1
剝落,2.2
差強人意,3.5
茂密,6.0
負責任,7.7
重生,8.7
香噴噴,7.2
剛直,6.9
天花亂墜,3.2
吃重,4.5
自戀,4.3
走火入魔,2.6
受損,2.6
平順,6.4
有解,6.7
老少咸宜,6.8
返璞歸真,7.3
長壽,7.4
一無是處,1.9
不像話,2.4
南轅北轍,3.5
天差地遠,3.5
叛逆,3.2
幽暗,3.3
恍然大悟,7.1
恬淡,7.2
持之以恆,7.3
指日可待,6.7
春暖花開,7.1
後悔莫及,2.4
枯燥,3.1
看錯,3.9
突兀,4.1
紅腫,4.5
洋洋得意,6.4
活靈活現,7.1
皆大歡喜,8.6
皇天不負苦心人,8.5
相安無事,6.5
一枝獨秀,7.7
一觸即發,2.7
大吉,8.9
小題大做,2.5
毛燥,2.7
毛躁,2.7
凹陷,4.2
平易近人,5.1
生龍活虎,7.4
成癮,2.0
有出入,4.1
不勝枚舉,6.3
平實,5.2
下垂,3.4
大剌剌,4.3
天衣無縫,7.8
牛刀小試,7.1
吃力,3.1
失準,2.9
行雲流水,7.4
沈穩,6.3
沉穩,6.3
乾澀,3.9
乾乾澀澀,3.9
停電,3.8
偷懶,2.7
高不可攀,2.9
堆積如山,3.3
風情萬種,7.5
特立獨行,6.2
純樸,5.3
起勁,7.0
堂堂正正,7.2
上榜 ,7.6
大手筆 ,6.1
賣座 ,7.9
好握 ,6.8
失真 ,3.5
不失真 ,6.4
中看 ,6.8
不起眼 ,3.5
略勝一籌 ,6.3
略遜 ,3.8
負擔得起 ,5.7
買不起 ,3.9
充斥 ,4.6
老氣 ,4.0
不錯 ,6.3
中用 ,6.6
有口皆碑 ,7.7
中意 ,7.5
為人詬病 ,3.4
破損 ,3.3
缺損 ,3.3
退色 ,3.5
褪色 ,3.5
好用 ,6.8
拔得頭籌 ,7.8
物美價廉 ,7.7
物超所值 ,8.4
超值 ,8.2
划算 ,7.3
特惠 ,7.5
買一送一 ,6.8
貴 ,3.1
笨重 ,2.7
大吃一驚 ,4.8
封后 ,7.4
流線 ,5.9
炫爆 ,7.2
相符 ,5.6
合身 ,5.9
當機 ,3.5
過重 ,3.0
首屈一指 ,8.6
值回票價 ,8.2
不閃頻 ,6.4
爽口 ,6.9
走味 ,3.1
貪小便宜 ,3.0
耐操 ,5.9
美呆 ,7.7
接地氣 ,6.1
淋漓盡致 ,7.6
貨真價實 ,7.8
廉價 ,4.0
頂尖 ,8.6
勝出 ,7.4
超酷 ,7.4
搶手 ,8.1
新潮 ,6.5
耗電 ,3.5
費電 ,3.5
耗時 ,3.5
費時 ,3.5
過短 ,3.1
實惠 ,7.0
精打細算 ,7.1
前所未有 ,6.4
前所未見 ,6.4
輕薄短小 ,6.7
寬裕 ,7.3
一目了然,6.9
一目瞭然,6.9
七零八落,2.8
十全十美,8.4
上鏡頭,6.7
大功告成,8.0
大失所望,2.0
小心翼翼,5.7
小康,5.7
不合,3.0
不妙,3.2
中上,6.8
中獎,8.5
井井有條,7.0
六神無主,3.4
凶狠,2.2
凶惡,2.4
分岔,4.4
弔詭,3.3
心不甘情不願,2.9
手癢,4.2
扎實,7.8
火大,2.2
火紅,7.4
令人髮指,1.9
凹凸不平,4.1
出頭,6.0
功不可沒,7.9
包羅萬象,7.4
半途而廢,3.3
叫好,7.4
可圈可點,7.9
四平八穩,6.0
外強中乾,3.2
失火,2.2
失靈,3.3
平凡,4.8
平凡無奇,4.8
正點,7.0
甘醇,6.7
生硬,4.0
用心,7.4
白搭,3.5
丟失,3.0
兇狠,2.2
兇惡,2.4
先聲奪人,4.6
光明正大,7.0
全力以赴,7.7
划不來,3.9
吃香,6.7
各有千秋,6.4
合用,5.7
名副其實,6.8
名符其實,6.8
回天乏術,1.6
多不勝數,6.2
好聽,7.3
如火如荼,5.9
尖嘴猴腮,2.4
屹立不搖,7.7
年久失修,3.4
忙碌,5.3
成名,7.4
收斂,4.9
有一手,6.2
死板,3.5
死板板,3.5
汗流浹背,4.7
汙濁,3.2
灰濛濛,3.7
百思不得其解,3.1
老舊,3.8
耳目一新,6.7
自給自足,7.4
血淋淋,2.4
行不通,3.3
吵雜,3.5
呆滯,3.4
告一段落,5.8
困惱,2.8
坑坑洞洞,3.7
完封,8.2
技壓群雄,8.4
抓狂,2.0
更勝一籌,7.3
沈悶,3.3
沉悶,3.3
沒骨氣,2.9
沙啞,4.5
灼熱,3.7
狂爆,3.6
秀氣,6.8
良莠不齊,3.7
見效,6.5
走火,2.6
身歷其境,6.1
邪不勝正,7.7
並駕齊驅,7.9
乖乖,6.3
事半功倍,7.3
來勢洶洶,5.5
兩全其美,7.5
其貌不揚,3.0
刺耳,2.6
受潮,3.6
周延,7.2
和樂,6.8
奄奄一息,2.6
奇貨可居,7.2
始料未及,3.6
紮實,7.8
冷靜下來,5.2
快快活活,6.4
沈迷,3.0
沈默不語,4.7
沉寂,3.8
生銹,3.4
心生畏懼,3.3
平平靜靜,6.4
平平淡淡,4.8
叱責,2.6
可怖,3.4
沒法,4.2
沒法子,4.2
沒法兒,4.2
刺耳聲,2.6
柔柔順順,5.8
冒充者,3.1
背叛者,2.0
自卑感,2.6
妨礙者,3.2
走好運,7.0
逃掉,3.2
率直地,6.0
羞怯怯,3.6
陰沈,3.2
陰沈沈,3.2
悶悶,3.8
悶著,3.8
欺侮,3.3
詐欺,2.6
欺詐,2.6
減縮,4.0
無能力,3.0
沒能力,3.0
無理性,2.6
沒理性,2.6
無趣味,3.4
沒趣味,3.4
沒趣,3.4
筋疲力盡,3.0
筋疲力竭,3.0
結結巴巴,4.0
費解,3.6
不雅觀,3.2
歎息,3.4
歎氣,3.2
熱切於,6.2
熱誠地,6.6
惹人厭,1.4
慌慌張張,2.6
煩燥,3.2
違悖,3.0
嘈雜,3.5
嘈雜聲,3.5
吵雜聲,3.5
嘮嘮叨叨,3.8
憐憫心,5.8
熱心腸,6.4
噪聲,3.6
謙遜地,6.4
還可以,6.0
可信賴,7.2
可信任,7.8
打退,5.5
斥罵,2.6
叱罵,2.6
安靜下來,5.6
死氣沉沉,3.0
死氣沈沈,3.0
埋怨,2.8
討人嫌,1.4
顧人怨,1.4
惹人嫌,1.4
假扮,3.8
做假,3.4
做秀,3.8
得罪人,3.2
淒慘,1.7
謊話,2.8
蠢蛋,3.0
蠢人,3.4
失業者,3.0
窘況,3.6
潛心於,5.4
低沈,4.6
昏沈,3.2
昏昏沈沈,3.2
昏昏沉沉,3.2
嚴重的,3.2
了解,5.6
嚇到,3.6
介意,4.1
自危,3.0
密告,3.3
無病呻吟,3.9
耍脾氣,3.8
氣呼呼,2.8
污物,2.0
偽君子,2.3
亂丟,3.4
狗嘴裡吐不出象牙,2.9
狗嘴吐不出象牙,2.9
混日子,3.7
不置可否,4.3
出氣,3.5
有心人,3.9
凌遲,2.5
內訌,3.1
扭歪,3.7
望塵莫及,4.0
搞亂,3.3
畜生,1.7
袖手旁觀,3.5
猛吃,4.5
悻悻然,3.9
無可奈何,3.9
自掃門前雪,3.2
圍城,3.3
離鄉背井,3.8
有口無心,4.1
錯覺,4.6
呆板,4.0
發昏,3.7
故態復萌,3.4
尋仇,2.9
不屈服,5.8
欺負弱小,3.1
從中作梗,3.6
脫軌,3.0
困窮,2.3
枯槁,2.8
急忙,3.9
急急忙忙,3.9
無邊無際,4.5
打高空,4.5
陷住,3.8
豬哥,3.2
跛足,3.3
慘烈,3.5
窮途末路,2.5
顛倒是非,2.9
暈眩,3.9
臭臉,3.3
賣國,2.7
善辯,4.9
誤入歧途,2.9
不配,2.8
缺口,3.8
火冒三丈,2.5
吵死,2.3
整頓,4.3
犯賤,2.2
凹下,4.1
阻攔,3.7
醉漢,3.2
跛子,3.5
不合群,2.6
楞住,4.9
不平衡,4.2
醜惡,1.9
憤世嫉俗,2.1
惴惴不安,3.1
變酸,3.7
盡力而為,7.2
蠻幹,3.8
不羈,4.7
危險期,2.8
不孝,2.1
省力,6.4
不可信,3.3
閃人,4.6
包山包海,6.7
互撞,3.6
餓昏,3.6
愁容滿面,2.9
掉隊,3.6
卑下,3.0
迂迴,4.0
不可名狀,6.0
功敗垂成,2.3
破銅爛鐵,2.0
心煩,3.3
滲漏,3.4
心急如焚,3.4
弄混,3.7
弄糟,3.1
弄碎,3.5
不如人意,2.9
要死,2.5
挑撥是非,2.8
天打雷霹,2.1
淒然,2.5
欺瞞,2.6
匪類,2.3
打罵,3.0
愚弄,2.9
孤僻,3.1
污辱,2.5
詭辯,3.4
不可收拾,3.4
不聽話,3.9
黑店,2.7
賣國賊,1.7
卑微,2.7
過不去,3.8
潑婦,2.2
爛仗,2.8
苦差事,3.0
悶住,3.7
漠然,3.9
嗤之以鼻,2.7
當頭棒喝,5.9
匆忙,3.3
匆匆忙忙,3.3
引頸企盼,7.0
強詞奪理,3.0
不名譽,2.6
上鉤,3.7
刪減,3.8
打顫,4.1
慘絕人寰,1.0
炮擊,2.4
唱反調,3.4
猛踢,3.9
欺凌,1.9
沾染,2.8
告密,2.6
漠不關心,2.4
漏球,3.2
太閒,4.6
作弄,3.8
流離失所,2.6
罵人,2.8
受驚,3.8
聲名狼藉,1.8
醜男,2.0
醜女,2.0
老謀深算,5.8
鬧彆扭,3.8
催吐,4.3
食古不化,3.6
耐震,6.2
狂妄,3.3
喧嚷,3.0
更壞,2.7
污點,2.2
瞎眼,1.6
訓斥,1.6
死狗,1.1
小心眼,2.9
消瘦,5.2
打抱不平,6.2
自吹自擂,4.2
阿諛,3.0
傷風敗俗,1.6
喧囂,3.4
喧囂聲,3.4
害人精,2.2
劫掠,2.4
流放,2.8
靠不住,2.9
有種,6.6
壓破,4.0
輕佻,3.4
心寒,2.8
放寬,6.7
仿冒,3.6
好久,4.4
不平等,2.6
嚇呆,3.2
低水平,2.8
暗地,3.6
瘟疫,2.2
好鬥,3.4
帶衰,1.6
不甩,3.5
隱退,5.0
有仇,2.1
虧空,1.8
冷嘲熱諷,2.2
惱怒,1.6
無賴,2.6
加收,4.1
濫打,3.0
意志消沈,1.4
意志消沉,1.4
妄動,4.2
濃烈,5.4
貶低,2.9
弄死,1.6
冒昧,4.6
婊子,1.4
勞役,3.2
逃之夭夭,3.3
有礙觀瞻,3.3
裝死,3.9
做錯,3.7
做錯事,3.7
杯盤狼藉,3.3
傷痛欲絕,1.2
抖顫,3.5
把關,5.0
喝倒彩,2.4
存心,3.6
悲涼,1.4
口臭,2.8
激憤,2.5
詭計多端,2.8
奸詐,2.0
如釋重負,7.1
濫葬,2.6
可恨,2.2
亂哄哄,3.9
大言不慚,3.7
賣弄,4.2
滾蛋,1.6
人渣,1.0
鬼子,1.9
砍頭,1.6
不好過,2.6
驚叫,3.2
狂愛,7.3
貶黜,3.0
打屁股,4.2
鬧鬼,2.4
烙印,3.3
盲點,4.9
亂扯,3.9
孤寂,2.8
乞求,2.8
找碴,2.4
找麻煩,2.4
以偏概全,4.4
打偏,4.0
傻瓜,3.1
上癮,4.2
污漬,4.0
禍害,2.4
避諱,4.2
有出息,7.0
鬆落,3.9
嗜殺成性,2.1
拍馬屁,3.5
尖叫,4.1
嚎啕大哭,3.5
連累,2.9
罵髒話,2.7
吵嘴,3.8
撕破,3.6
受限,3.9
要飯,3.4
凶兆,3.4
驚醒,3.5
砍斷,4.0
猛攻,4.3
不可諱言,4.8
唯恐不及,3.8
狠毒,2.7
困頓,3.5
耍賤,3.1
怕死,3.4
豬頭,3.5
強壓,3.9
妒恨,2.7
地獄,3.2
減損,4.0
批鬥,3.5
空想,3.9
搪塞,3.3
牽腸掛肚,5.0
重壓,3.8
惆悵,3.6
以德報怨,6.3
騙人,3.7
遜位,4.3
難為情,4.3
焦燥,3.5
焦躁,3.5
繚亂,3.5
申斥,3.7
專權,3.3
玷污,2.5
干戈,3.3
禁錮,2.9
殲滅,3.9
落寞,3.1
毒殺,2.2
摔倒,4.4
跌倒,4.4
摔跤,4.4
摔一跤,4.4
跌跤,4.4
跌一跤,4.4
搞屁,4.2
嫉妒,3.4
適得其反,3.5
失魂落魄,3.1
打爛,3.6
槓上,3.8
倒下,3.9
沈溺,3.4
沉溺,3.4
懇摯,6.6
坐立不安,3.7
諸事順心,6.7
安安穩穩,6.0
淺薄,3.8
失身,2.7
琳瑯滿目,6.1
叛國,3.0
惡有惡報,3.7
自由心證,5.1
醉醺醺,3.9
盡善盡美,7.3
譏諷,3.4
窮凶極惡,2.5
夭折,3.0
鑽牛角尖,3.8
瘋人,3.9
瘋子,3.9
推托,4.0
推卻,4.0
何苦,4.1
何苦來哉,4.1
銷聲匿跡,4.1
不方便,4.7
失和,3.8
卒仔,3.4
俗辣,3.4
善待,6.2
胡作非為,3.1
困局,3.7
冷血,3.5
態度不好,4.3
稀疏,4.2
貪生怕死,3.3
炮轟,3.2
時有時無,4.9
亂砍,3.0
走著瞧,3.6
以牙還牙,3.1
驚呼,5.2
漏損,3.8
乞討,3.2
討厭鬼,3.5
膽大妄為,3.6
髒話,3.6
超低色散,5.0
花癡,4.2
草菅人命,2.6
揮霍,3.7
癡人說夢,3.6
不對勁,4.3
害臊,4.4
洩恨,3.2
折斷,4.5
陣痛,4.2
硬逼,3.9
慘死,2.8
鬧翻,3.1
凋謝,3.9
陷害,2.9
啼哭,3.9
砍掉,3.7
潸然淚下,4.0
責罵,3.9
不得力,4.3
乞憐,3.5
無效率,3.7
尖叫聲,4.7
患得患失,3.4
不近人情,3.8
謬論,3.4
好屌,5.9
忍氣吞聲,4.0
廢話,4.1
夭壽,3.3
化膿,3.8
鉗制,3.7
服喪,3.1
禍國殃民,2.7
傷感情,4.0
利用人,3.6
狂亂,3.5
笑柄,3.9
通敵,3.1
憤憤不平,4.0
砍擊,4.2
毒蛇,4.4
機八,3.5
疙瘩,4.3
喧嘩,4.1
六親不認,3.1
萎靡,3.6
空轉,4.5
乖張,4.1
批駁,3.9
懦弱,3.2
共體時艱,6.3
扭傷,4.0
不省人事,3.7
人事不省,3.7
免談,3.9
甜滋滋,6.2
胡鬧,3.5
短缺,4.1
屁用,3.6
不可理喻,3.3
貪財,3.8
荒蕪,3.7
惡棍,3.6
肉腳,4.0
頹喪,3.3
撕破臉,2.8
喋喋不休,3.8
憤恨,3.1
嚇出冷汗,4.1
嚇出一身冷汗,4.1
難以置信,4.9
黑手,4.5
冤孽,3.1
狡辯,3.1
一團糟,3.7
動怒,3.3
曠課,4.3
誤人子弟,3.4
嗆聲,3.4
小人,3.0
拆毀,3.7
疝氣,4.6
假仁假義,3.1
畏怯,3.4
老娘,4.3
厚顏無恥,2.2
匪夷所思,4.5
遷就,4.1
冷眼,3.3
冷眼旁觀,3.3
失約,3.0
戰慄,3.1
亂蓋,3.3
匪諜,3.0
暴戾,2.2
自誇,4.0
爛車,2.7
無動於衷,4.7
吹牛,3.9
吹牛皮,3.9
死寂,2.7
惡果,3.1
放逐,3.5
嗜殺,1.9
古板,3.6
扯碎,2.9
嚇一跳,4.7
恥笑,3.3
笨豬,2.6
狂熱者,4.7
狂熱分子,4.7
悲歎,3.6
亂罵,3.0
不成功,3.5
髒污,3.5
不得要領,3.7
功虧一簣,3.0
禍根,2.0
自命清高,3.1
卡住,4.2
假正經,3.8
吵鬧,3.5
吵吵鬧鬧,3.5
自怨自艾,3.4
自憐自艾,3.4
大怒,2.9
模稜兩可,5.0
冷峻,4.2
假惺惺,3.4
失神,4.2
閃神,4.2
低聲下氣,3.2
暴虐,2.0
低劣,2.1
重打,3.2
鼾聲,4.8
逼走,3.3
離間,3.0
有得瞧,4.0
噱頭,4.2
狗眼看人低,2.5
送葬,2.4
荒誕,2.6
回扣,4.8
滾回去,2.7
欠錢,3.0
閒蕩,3.6
濫挖,2.6
濫砍,2.6
甜膩,4.8
作廢,3.9
冷冷,4.0
盜賊,3.3
呆笨,3.3
混濁,3.7
劣根性,3.0
絞死,1.3
倚老賣老,3.3
挨打,2.9
蠶食,3.6
倒坍,3.6
不公正,3.3
慘事,2.5
壓搾,2.5
風涼話,3.8
獨斷獨行,4.2
摸不清,4.2
慚不慚愧,3.9
一箭之仇,3.3
自閉,3.6
作奸犯科,1.9
橫肉,2.9
傻事,3.8
失戀,4.0
大哭,3.1
發脾氣,3.1
心死,2.3
斑點,4.8
不厚道,3.8
含沙射影,3.3
荒涼,4.0
狂罵,2.8
腦滿腸肥,2.5
口渴,4.6
割斷,4.3
挑逗,4.5
死光,2.0
死光光,2.0
不純,3.5
呆呆,3.8
曬焦,4.1
焦躁不安,3.4
漂泊,4.7
水性楊花,3.1
恨你,2.7
疤痕,3.5
守財奴,3.7
死皮賴臉,2.8
惹上,3.2
惹到,3.2
由不得,3.5
胡亂,3.3
白吃白喝,3.0
混戰,3.9
刺骨,3.6
野性,4.5
兇猛,3.5
凶猛,3.5
赤貧,3.9
赤貧者,3.9
大惑不解,3.6
溺死,2.3
又氣又惱,3.6
威懾,4.1
礙眼,2.0
瘋癲,1.4
閒閒,4.6
設伏,3.8
作孽,1.6
正經八百,6.3
一氣之下,4.1
懶人,3.5
怠惰,3.2
咕噥,4.6
耐看,6.2
食言而肥,3.6
濫捕,2.8
裝模做樣,3.1
變節,3.2
著急,4.3
誤人,3.6
不倫不類,2.5
菜鳥,4.1
鄙棄,1.9
驚慌失措,3.9
倉皇失措,3.9
放蕩,3.5
肉麻,5.1
便民,5.8
招搖撞騙,2.4
經不起,3.9
心狠手辣,2.7
代罪羔羊,3.4
踉蹌,4.0
淚如雨下,4.5
沒用,3.4
投敵,2.8
過河拆橋,2.5
由愛生恨,3.9
滾遠點,3.0
逞強,4.7
皺紋,4.9
黑洞,5.0
臭美,4.0
私運,3.6
鬧僵,4.2
鬧劇,4.0
蹩,3.4
不穩固,4.1
唯利是圖,3.1
造福,7.3
愁眉苦臉,3.5
刺探,4.1
敗退,3.1
沒道理,3.1
扭打,2.8
裂開,3.9
忿怒,2.3
污濁,2.8
卑屈,2.2
醜事,2.7
氣昏,2.5
得意揚揚,6.2
冒失,3.7
冒冒失失,3.7
貧瘠,3.6
奴性,2.3
老氣橫秋,4.2
惹怒,3.6
目中無人,2.9
不均,4.2
尖酸刻薄,2.3
病魔,3.1
碰壁,3.6
弄亂,4.2
偏遠,4.5
狂傲,3.6
拖垮,3.0
破掉,4.0
頑抗,4.5
貶損,3.5
自以為是,3.3
滿腹牢騷,3.6
不關心,3.5
狂放,4.4
除掉,4.0
大傷,3.4
死纏爛打,2.8
心驚肉跳,3.3
嘔氣,3.9
暗淡,3.7
黯淡,3.7
爛爆,1.9
舊病,3.6
舊疾,3.6
掩蔽,4.3
狗男女,1.5
糟透,1.8
糟透了,1.8
窮光蛋,1.9
不甘心,3.4
進退維谷,4.1
不正確,4.0
大材小用,4.5
洋鬼子,2.4
隕落,2.9
垂涎,5.5
虛張聲勢,3.9
罪孽深重,2.0
亡命,2.2
凶險,2.5
愧疚,3.4
鬼叫,3.4
報應,2.5
深仇大恨,1.6
省時,6.4
蠢事,3.7
驚覺,4.3
煞風景,3.5
豬母,3.1
撐住,5.3
怒氣沖沖,3.5
認命,4.3
畏縮,3.5
陰慘,2.5
減免,5.4
養不起,3.1
不修邊幅,3.9
憎惡,1.7
趁火打劫,2.5
動粗,3.3
拳打腳踢,3.2
撕碎,3.6
好戰者,4.1
好戰份子,4.1
占用,4.5
浪蕩,3.4
亂說,3.6
亂說話,3.6
亂講,3.6
亂講話,3.6
憋死,3.2
臨死,2.7
干政,3.5
乘勝追擊,6.8
陷落,3.6
慢吞吞,4.5
色慾,3.9
鬧革命,3.7
絆倒,4.6
吊兒郎當,4.0
鬱結,2.9
見死不救,2.2
退避,4.1
惱火,3.1
不務正業,3.0
氣死,2.4
氣死人,2.4
野蠻人,3.0
顛沛流離,3.2
小家子氣,4.2
增設,5.3
踹開,4.0
憎恨,1.8
猛砍,2.6
毒手,2.3
始作俑者,4.0
不恥,3.3
分崩離析,3.3
耐穿,5.8
氣沖沖,3.5
歡躍,7.3
認輸,3.9
變弱,3.9
犯愁,3.6
世故,4.1
不快,3.7
潑冷水,3.8
愛莫能助,4.4
無名小卒,4.4
酒鬼,3.1
不擇手段,2.9
怒髮衝冠,2.4
不信,4.3
不懼,5.4
痛恨,2.1
狂野,5.6
結仇,3.1
煩死,2.7
剽竊,2.9
悲痛欲絕,1.5
做作,3.4
欠扁,3.4
死要面子,3.6
淒涼,2.4
不規則,4.7
無語,4.4
揭穿,4.9
私通,2.9
勒死,1.7
泛濫,3.9
狡滑,2.8
狡猾,2.8
恣意妄為,2.9
挺而走險,4.2
不合宜,4.3
拒付,4.2
乾咳,4.6
紙老虎,3.9
智巧,6.6
痛打,3.4
驚惶失措,3.6
閒混,3.9
人人自危,3.6
胡謅,3.4
胡說,3.4
胡說八道,3.4
善罷干休,4.0
逞威,3.8
懶,4.6
懶得,4.6
掉淚,3.2
失焦,4.5
死鬼,4.2
不必要,4.7
下毒,2.4
打碎,3.9
害蟲,3.4
羞澀,5.1
男盜女娼,1.9
心虛,3.8
猛推,4.6
愛面子,4.2
不懷好意,3.7
憂懼,3.4
餓死,2.4
輸光,2.8
臭屁,3.8
大嚷,4.3
鬧大,3.8
德政,7.3
眼花,4.3
含情脈脈,6.6
轟動一時,5.9
有病,3.3
搞鬼,3.4
偽善,3.6
粗劣,3.5
違禁品,3.4
反壟斷,5.0
甩不掉,4.7
老態龍鍾,4.5
強奪,2.9
沒完沒了,3.7
交媾,4.4
亡羊補牢,5.2
邋遢,3.6
扯破,3.9
杜絕,5.1
反胃,3.8
乖僻,4.7
地牢,3.6
奴役,2.2
自慰,4.6
正常化,5.1
不恰當,4.4
圈套,3.5
遼闊,5.6
嫻雅,6.2
挾怨報復,3.0
碰傷,4.2
潦倒,3.6
凌辱,2.1
含恨,2.2
心有餘悸,3.3
謀反,2.2
世儈,3.4
愚鈍,3.5
福音,6.6
胡搞,4.0
遮蔽,4.8
無價值,4.6
沒價值,4.6
離群,4.7
反悔,4.0
吵,4.0
吵到,4.0
不知,4.6
猛撞,3.8
性急,4.4
僵痛,4.1
以訛傳訛,3.7
擅離職守,3.5
整死,2.2
叫囂,3.0
斷掉,4.4
醜八怪,3.7
援交,3.8
虛脫,4.1
搞政變,2.7
惡勢力,2.9
好自為之,3.8
不學無術,3.7
愁苦,3.4
喪親,1.9
眩光,3.9
半死,2.5
兩光,4.2
左右為難,4.2
窩囊,3.1
不忠,2.9
打亂,3.8
女巫,4.1
大驚小怪,4.6
挑撥離間,3.3
大鬧,2.9
嫌惡,3.8
誤傳,4.4
吵鬧聲,4.2
短淺,4.1
搖尾乞憐,3.1
陰險,3.2
仗著,4.0
吹捧,4.2
健忘,4.7
混球,3.1
忿恨,3.0
清涼,5.2
屈辱,2.9
亂吼,3.7
惹毛,3.7
死不瞑目,1.9
耍狠,3.1
誤入,4.2
痛哭,2.7
慟哭,2.7
殘害,2.5
爭鬥,3.2
忌諱,3.6
虛幻,4.7
大罵,3.9
逆行倒施,3.6
皺眉,3.8
皺眉頭,3.8
不適當,4.1
豬狗不如,2.3
苦役,2.7
慌忙,4.2
胖,4.5
抓傷,3.9
逼問,3.3
蝕壞,3.3
忍痛,3.4
昏昏欲睡,4.1
微不足道,4.8
玩世不恭,4.0
落荒而逃,3.5
折舊,4.0
哄誘,3.7
橫行霸道,2.6
令人驚羨,5.4
吹噓,4.3
五味雜陳,4.2
砰然,5.5
雜事,4.9
矯揉造作,3.9
攙假,3.5
沈現,3.9
沉陷,3.9
不近情理,3.9
殘疾,4.1
割破,4.0
割裂,4.0
頑皮,4.8
危困,3.8
孩子氣,4.5
言不及義,4.4
水汪汪,6.7
透亮,7.2
油膩,2.7
不粘不糊,6.4
不暈染,6.6
不暗沈,6.6
不暗沉,6.6
不黯沉,6.6
不黏,6.0
不黏膩,6.2
水嫩緊緻,7.7
白皙,7.1
好沖淨,6.8
好推勻,6.9
好塗,6.6
好聞,6.3
死白,3.3
妖艷,5.8
妖豔,5.8
明亮動人,7.3
油亮,5.3
油油亮亮,5.3
油油滑滑,3.9
油油膩膩,2.7
肥厚,3.1
亮晶晶,6.3
亮麗,6.9
俏麗,6.9
柔亮,6.8
柔柔亮亮,6.8
柔弱,4.8
柔嫩,6.4
柔柔嫩嫩,6.4
粉嫩,6.6
粉粉嫩嫩,6.6
純凈,6.8
素雅,6.2
乾硬,2.9
乾裂,2.5
乾癟,2.7
乾癢,3.0
堅挺,6.4
淡雅,6.4
淨白滑嫩,7.6
清純,5.8
清甜,5.9
細致,5.8
軟嫩,5.9
晶瑩剔透,7.8
無眉怪,2.9
舒爽,6.5
嗆鼻,2.5
圓滑,6.4
圓滾滾,5.1
圓潤,5.7
塗不勻,3.4
暗沈,2.7
暗沉,2.7
黯沉,2.7
暗變亮,6.6
滑順好塗,7.1
滑嫩,6.8
滑膩,5.0
群芳爭艷,7.3
嫩滑,6.8
蒼白,3.3
輕盈,7.0
嬌柔,6.4
嬌貴,6.0
嬌嫩,5.9
皺裂,2.0
濃豔,5.8
鮮嫩,7.0
黏悶,2.8
黏膩,2.7
艷麗,5.8
豔麗,5.8
苗條,6.7
修長,7.0
